Gender,Grade_Level,Study_Hours,Attendance (%),Exam_Score,Extra_Curricular,Internet_Access,Daily_Screen_Time,Part_Time_Job,Parent_Education_High School,Parent_Education_Master's,Parent_Education_PhD,Satisfaction_Level_Satisfied,Satisfaction_Level_Unsatisfied,Satisfaction_Level_Very Satisfied,Health_Status_Excellent,Health_Status_Good,Health_Status_Poor
1,9,3,83,84,0,0,7,0,0,1,0,0,0,0,0,0,0
1,9,5,82,71,1,0,2,0,0,1,0,0,0,1,0,0,0
1,12,5,92,67,1,1,2,0,1,0,0,0,1,0,0,0,0
1,9,3,80,68,1,1,2,0,0,0,0,1,0,0,1,0,0
0,10,3,65,49,1,1,4,0,0,0,0,0,0,0,0,1,0
1,10,2,74,79,1,1,1,0,0,1,0,1,0,0,0,0,0
1,10,1,70,96,0,0,4,0,0,0,1,1,0,0,0,0,0
1,12,2,85,53,1,1,6,0,1,0,0,0,0,1,1,0,0
0,9,2,86,57,0,1,4,1,0,1,0,1,0,0,0,1,0
0,9,3,78,70,1,1,3,0,0,0,0,0,0,1,0,1,0
0,10,2,100,74,0,1,3,1,0,1,0,0,1,0,0,1,0
1,11,1,93,56,0,1,5,0,0,0,1,0,0,1,0,0,0
1,12,3,65,55,1,1,2,0,0,0,0,1,0,0,1,0,0
0,10,3,92,77,0,1,6,0,0,0,0,0,0,0,0,1,0
0,9,2,81,52,1,1,6,0,0,1,0,0,0,0,0,0,0
1,10,1,80,90,0,1,4,0,0,0,0,0,0,0,1,0,0
1,11,3,67,79,0,1,3,0,0,1,0,1,0,0,0,1,0
1,9,2,78,84,1,1,5,0,0,1,0,1,0,0,0,0,0
1,10,4,94,62,1,1,5,0,0,0,1,1,0,0,0,1,0
0,10,2,88,89,1,1,2,0,0,1,0,1,0,0,0,0,0
0,10,2,83,58,1,0,3,0,0,0,0,0,0,0,0,0,0
0,12,1,93,95,1,0,2,0,0,0,1,1,0,0,0,1,0
1,10,2,95,80,1,0,4,1,0,0,0,0,1,0,0,0,0
1,9,2,88,98,1,1,5,0,1,0,0,0,0,0,1,0,0
0,9,2,100,35,0,1,1,0,0,0,0,1,0,0,1,0,0
0,11,4,85,70,1,1,3,0,0,0,1,0,0,1,0,0,1
1,9,3,65,71,1,1,1,0,0,1,0,1,0,0,0,1,0
0,11,3,99,67,0,0,2,0,1,0,0,1,0,0,1,0,0
0,9,1,79,88,1,1,4,1,0,0,1,0,0,1,0,1,0
0,10,3,79,82,1,1,2,1,0,0,0,0,0,0,0,1,0
0,10,3,94,64,1,0,3,0,1,0,0,1,0,0,0,0,0
1,11,2,81,53,0,1,1,0,0,0,0,0,0,0,0,1,0
0,11,3,87,75,0,1,4,0,1,0,0,0,0,0,0,1,0
1,9,2,70,68,1,1,3,0,0,1,0,0,0,1,1,0,0
1,10,2,76,72,0,1,2,0,0,1,0,0,0,1,0,0,0
1,11,3,100,77,1,1,3,0,0,0,0,1,0,0,1,0,0
1,10,3,84,46,0,1,4,0,0,1,0,1,0,0,0,0,0
0,12,2,85,100,0,1,2,0,0,0,1,1,0,0,1,0,0
1,10,2,88,74,0,1,1,0,1,0,0,0,1,0,0,1,0
1,10,1,96,86,1,1,6,0,1,0,0,1,0,0,0,1,0
1,10,4,75,96,1,1,3,0,1,0,0,0,1,0,0,1,0
0,9,0,90,100,1,1,3,0,0,0,0,0,0,0,0,0,0
0,10,1,79,76,0,1,5,0,0,0,0,1,0,0,0,0,0
0,10,2,69,76,1,0,9,0,0,1,0,0,0,1,0,0,0
1,9,1,89,61,0,1,2,0,1,0,0,1,0,0,0,0,0
0,12,5,77,70,0,1,4,0,0,0,0,1,0,0,0,0,0
1,9,4,72,78,1,1,2,0,0,0,0,1,0,0,0,1,0
1,10,4,68,77,0,1,3,0,1,0,0,1,0,0,0,1,0
1,12,3,92,56,0,1,2,0,1,0,0,1,0,0,0,0,0
1,12,1,90,79,0,1,2,0,0,1,0,0,0,1,1,0,0
1,9,3,88,64,0,1,3,0,0,1,0,1,0,0,0,1,0
1,9,3,87,64,0,1,1,0,0,0,1,0,0,1,1,0,0
1,12,5,89,57,1,1,5,0,0,0,0,0,0,0,0,1,0
0,9,3,75,86,0,0,4,0,1,0,0,0,1,0,0,0,0
0,11,4,76,89,1,1,4,0,0,0,1,1,0,0,0,1,0
0,12,3,93,100,0,0,3,1,0,1,0,1,0,0,0,1,0
0,10,2,77,61,0,1,3,0,1,0,0,0,0,0,0,0,1
1,9,1,84,80,1,1,4,0,0,1,0,0,1,0,0,0,1
0,10,3,93,75,0,1,2,0,1,0,0,1,0,0,0,0,0
1,9,5,82,100,1,1,3,0,0,0,0,1,0,0,0,0,0
1,12,3,76,58,1,1,2,0,1,0,0,0,0,1,0,1,0
1,9,3,82,85,1,1,2,0,0,1,0,1,0,0,0,1,0
0,11,3,84,62,0,1,1,0,1,0,0,1,0,0,0,0,0
1,11,0,80,87,0,1,6,0,0,0,0,1,0,0,0,1,0
0,12,3,72,77,0,1,2,0,0,0,0,1,0,0,0,1,0
1,9,3,76,77,1,1,5,0,0,0,0,0,0,1,0,0,0
1,9,3,73,80,0,1,5,0,0,0,0,1,0,0,0,0,1
1,11,3,95,90,0,1,2,0,0,0,1,0,0,1,0,0,1
0,11,0,75,82,1,1,2,0,1,0,0,0,0,1,0,0,0
0,9,3,90,100,1,1,7,0,0,1,0,1,0,0,0,0,0
1,10,3,96,89,1,1,6,0,0,0,0,0,0,1,0,0,0
1,11,3,81,86,0,1,3,1,0,0,0,0,0,0,0,1,0
0,10,1,82,67,0,1,4,0,0,1,0,0,0,1,0,1,0
0,11,3,100,46,0,0,3,0,0,0,1,0,0,1,0,0,0
1,12,4,68,67,1,1,4,0,0,1,0,0,1,0,0,0,0
0,10,4,85,58,0,1,2,1,0,1,0,0,0,0,0,1,0
0,12,1,91,64,1,1,1,1,0,0,0,0,0,0,1,0,0
1,9,3,85,65,1,1,2,0,0,1,0,1,0,0,0,1,0
1,12,6,91,44,0,1,4,0,1,0,0,1,0,0,0,1,0
1,11,3,78,87,1,1,2,1,1,0,0,0,0,0,0,0,0
1,11,1,83,82,0,1,3,0,0,1,0,0,0,1,0,0,0
0,10,4,72,69,1,1,2,0,0,0,1,0,0,0,1,0,0
1,10,2,78,100,0,1,2,0,0,0,1,0,1,0,0,0,1
0,12,3,72,88,1,1,5,1,0,1,0,0,0,1,1,0,0
1,11,6,95,52,1,1,4,1,1,0,0,1,0,0,0,1,0
0,9,2,97,64,1,1,3,0,0,0,1,0,0,0,0,1,0
0,11,3,92,61,1,1,5,0,0,0,0,1,0,0,0,0,1
1,10,2,52,59,0,1,4,0,1,0,0,0,0,0,0,1,0
0,11,2,72,99,1,1,6,1,0,0,1,0,0,1,0,1,0
0,11,0,80,76,0,1,3,0,0,1,0,1,0,0,0,0,0
0,9,5,70,92,0,0,3,0,1,0,0,0,0,1,0,0,0
1,11,3,75,81,1,1,2,0,1,0,0,1,0,0,1,0,0
0,11,3,78,76,1,1,3,0,0,0,0,0,0,1,0,1,0
1,12,2,86,84,0,1,5,0,0,0,1,0,0,0,0,1,0
1,12,5,72,100,0,1,5,0,1,0,0,0,0,1,0,0,1
1,11,0,83,83,0,1,5,0,0,0,0,0,0,1,0,1,0
0,11,3,78,71,1,1,1,0,0,1,0,0,0,0,0,1,0
0,11,2,79,87,0,0,5,1,0,1,0,1,0,0,0,1,0
0,10,3,78,88,1,1,1,0,1,0,0,1,0,0,0,1,0
0,10,3,93,84,0,1,5,0,0,1,0,1,0,0,0,1,0
1,11,1,79,86,0,1,3,0,0,0,0,1,0,0,0,1,0
0,12,3,84,76,1,1,5,1,0,0,0,1,0,0,0,0,0
0,10,4,79,83,1,1,2,0,0,1,0,0,0,0,1,0,0
0,9,2,82,91,1,1,5,1,0,1,0,1,0,0,0,1,0
0,10,4,93,94,1,1,1,0,0,1,0,0,0,0,0,0,0
1,10,3,91,70,0,1,3,0,0,0,1,1,0,0,0,1,0
1,12,3,83,76,1,1,2,0,0,0,0,1,0,0,1,0,0
1,12,3,76,100,1,0,1,0,0,0,0,0,0,0,0,0,0
1,9,1,72,92,1,1,4,0,0,1,0,0,0,0,0,0,0
0,9,4,91,84,0,1,6,0,0,0,0,0,0,1,0,1,0
1,12,2,76,76,0,1,8,1,1,0,0,1,0,0,0,0,0
0,12,1,94,72,1,1,4,0,0,1,0,1,0,0,0,1,0
0,12,1,81,81,1,0,5,1,0,0,1,1,0,0,0,0,0
0,12,2,76,78,0,1,4,0,0,0,0,0,0,0,0,1,0
0,12,3,79,67,0,1,4,1,0,1,0,0,0,0,0,0,1
1,11,3,70,53,1,1,3,0,1,0,0,1,0,0,0,0,1
1,10,1,82,79,1,1,4,0,1,0,0,1,0,0,1,0,0
1,10,5,93,72,1,0,4,0,1,0,0,1,0,0,0,1,0
0,12,2,74,74,1,1,3,0,1,0,0,0,0,1,0,0,0
0,9,2,88,62,1,1,3,1,0,0,1,1,0,0,0,0,0
0,12,3,100,73,0,1,3,0,1,0,0,1,0,0,0,1,0
0,12,3,91,68,1,0,5,0,0,0,0,1,0,0,0,1,0
1,12,3,85,76,0,1,2,0,1,0,0,1,0,0,1,0,0
1,12,1,85,82,1,1,3,0,0,0,0,1,0,0,1,0,0
0,10,5,94,100,0,1,6,0,0,1,0,0,0,1,0,1,0
1,12,1,93,77,0,1,5,1,0,0,0,1,0,0,0,1,0
1,12,6,76,62,1,1,6,0,1,0,0,1,0,0,0,1,0
1,11,2,63,67,1,1,4,1,0,0,0,0,0,0,0,1,0
0,11,1,86,80,0,1,4,1,0,1,0,1,0,0,0,0,0
0,11,5,94,66,1,1,5,0,0,1,0,1,0,0,0,0,0
1,11,1,89,55,1,1,6,0,1,0,0,0,1,0,0,0,1
1,9,5,96,67,1,1,1,0,0,0,1,0,0,0,0,0,1
1,10,0,98,73,0,1,2,0,1,0,0,1,0,0,0,0,0
1,10,4,69,66,1,1,5,0,0,0,0,0,0,0,0,1,0
0,10,3,85,68,0,0,3,0,0,1,0,0,0,1,0,1,0
1,10,3,74,72,1,1,2,0,0,0,1,0,0,0,0,1,0
1,11,3,90,85,0,1,2,0,0,0,0,0,0,1,0,0,0
0,12,1,69,94,1,1,3,0,0,0,1,0,0,0,0,0,1
1,9,3,77,98,0,1,1,1,0,1,0,1,0,0,0,1,0
1,9,3,96,76,1,1,7,0,0,0,0,1,0,0,0,0,0
0,9,6,100,71,0,1,3,0,0,0,0,1,0,0,0,1,0
0,12,4,91,95,0,1,3,0,1,0,0,0,0,1,1,0,0
0,10,1,91,90,1,0,4,0,0,0,0,1,0,0,0,0,0
0,12,0,73,44,1,1,5,0,0,0,0,0,0,1,0,0,0
0,11,2,92,97,1,1,5,0,0,0,1,0,0,1,0,1,0
1,11,3,100,54,1,1,5,0,0,0,1,0,0,0,1,0,0
0,12,0,84,80,0,1,3,0,0,0,0,1,0,0,0,1,0
0,10,2,64,73,1,1,3,0,0,0,0,1,0,0,1,0,0
0,11,1,91,80,1,1,5,0,0,0,0,1,0,0,0,0,0
0,9,1,79,59,0,1,3,1,0,0,0,0,0,0,1,0,0
1,12,2,94,60,1,1,3,1,0,0,0,1,0,0,0,0,0
0,12,3,79,63,1,0,4,0,0,0,0,0,1,0,0,0,1
0,10,2,74,66,1,1,5,0,0,0,0,0,0,0,1,0,0
0,12,1,100,75,0,1,1,0,0,0,0,1,0,0,1,0,0
0,11,1,87,73,0,1,5,0,0,1,0,0,0,0,0,0,1
0,10,2,91,86,0,1,3,0,1,0,0,0,0,0,0,0,0
1,10,2,79,70,1,1,5,0,1,0,0,1,0,0,0,0,1
0,11,0,69,95,0,1,5,0,0,0,1,0,0,1,0,0,0
0,10,5,82,83,1,0,6,0,0,0,0,1,0,0,0,0,0
1,11,3,100,91,1,0,6,1,1,0,0,0,1,0,1,0,0
0,10,2,75,50,1,1,6,0,0,1,0,1,0,0,0,1,0
1,9,3,77,53,1,1,6,0,0,0,0,1,0,0,0,1,0
0,11,2,74,100,1,1,4,0,1,0,0,0,1,0,0,1,0
0,9,4,84,97,1,1,4,0,0,1,0,1,0,0,0,1,0
1,9,3,76,97,1,1,5,1,1,0,0,0,0,1,0,1,0
0,9,3,74,72,1,1,5,0,0,0,1,0,0,0,0,1,0
0,10,1,71,88,0,1,3,1,0,1,0,1,0,0,0,0,0
0,11,5,71,83,1,1,4,0,0,0,1,0,0,1,0,1,0
0,9,2,80,66,0,1,3,0,0,1,0,1,0,0,0,1,0
1,10,1,85,62,1,1,2,0,0,0,0,0,1,0,1,0,0
1,10,3,84,71,0,1,5,1,0,0,0,0,0,0,1,0,0
0,12,1,79,86,1,0,4,0,0,1,0,1,0,0,0,1,0
1,10,3,75,76,1,1,7,0,0,0,0,0,0,0,0,1,0
0,9,4,68,83,1,1,1,0,0,1,0,0,0,1,0,0,1
1,12,2,90,63,0,1,3,0,1,0,0,0,0,0,0,1,0
1,11,0,68,75,0,1,4,0,0,1,0,0,1,0,0,0,0
1,11,3,75,84,1,1,5,0,0,0,0,0,0,1,0,0,1
0,12,0,84,56,1,1,4,0,1,0,0,1,0,0,0,0,0
0,11,2,85,62,0,1,4,0,0,0,0,1,0,0,0,1,0
1,9,2,95,66,0,1,2,0,0,0,1,1,0,0,0,0,0
0,9,4,73,82,1,1,2,0,1,0,0,0,0,1,1,0,0
1,11,5,60,63,1,1,4,0,0,0,0,1,0,0,0,0,1
1,12,3,82,80,1,1,1,0,0,0,0,1,0,0,1,0,0
0,10,2,85,72,0,1,3,0,0,0,1,1,0,0,0,1,0
0,9,4,87,80,1,0,4,0,0,0,0,1,0,0,0,0,0
0,9,2,80,68,0,1,2,1,0,0,1,1,0,0,0,0,0
0,11,3,80,79,1,1,6,0,0,1,0,1,0,0,0,1,0
1,12,6,93,70,1,1,5,0,1,0,0,0,0,0,0,1,0
1,12,4,80,44,1,1,1,0,0,0,1,0,0,1,0,1,0
1,12,1,66,69,0,0,2,0,0,0,0,0,0,0,0,0,0
0,12,3,100,79,0,1,1,0,0,1,0,1,0,0,0,1,0
1,11,2,93,41,1,1,2,0,0,0,0,0,0,1,1,0,0
0,12,3,92,52,0,1,5,0,1,0,0,0,0,1,0,0,0
1,10,4,88,68,1,1,3,0,0,0,0,0,1,0,0,1,0
0,9,3,100,77,1,1,4,0,1,0,0,0,0,1,0,0,0
1,12,3,80,62,1,1,1,1,0,0,1,1,0,0,0,1,0
1,12,4,76,76,1,1,5,0,0,0,1,0,0,0,0,1,0
0,12,2,89,80,1,1,3,1,0,1,0,0,0,1,0,0,0
1,12,4,79,70,0,1,4,0,0,0,0,1,0,0,0,0,1
1,9,1,80,80,1,1,3,0,0,0,0,1,0,0,0,0,1
0,11,4,75,88,0,1,2,0,0,0,1,1,0,0,0,1,0
1,11,5,89,100,1,1,2,0,0,1,0,0,0,1,0,1,0
0,10,1,72,48,0,1,5,0,0,0,0,1,0,0,1,0,0
0,12,5,91,74,1,1,4,1,0,0,0,1,0,0,0,1,0
1,10,3,73,100,1,1,5,1,0,0,0,0,0,0,0,0,0
0,9,3,86,85,1,1,4,0,0,0,0,1,0,0,1,0,0
0,12,3,87,63,1,1,4,0,0,0,1,1,0,0,0,1,0
1,12,3,100,95,0,1,1,0,0,0,1,0,0,0,0,1,0
0,9,5,79,60,1,1,3,0,0,0,1,1,0,0,0,0,1
0,9,2,85,91,0,0,3,1,0,1,0,1,0,0,0,0,0
1,9,0,100,72,1,1,6,0,0,0,0,0,0,1,1,0,0
0,12,2,74,50,1,1,5,0,0,1,0,0,0,1,0,1,0
0,11,4,85,55,1,1,6,1,0,1,0,0,0,1,0,0,0
0,9,1,81,100,0,1,4,0,0,1,0,0,0,0,0,1,0
0,10,2,69,71,0,1,2,0,0,1,0,1,0,0,1,0,0
1,9,2,58,74,1,1,4,1,0,0,0,1,0,0,0,0,0
1,9,2,91,100,1,1,4,0,0,0,0,0,1,0,0,1,0
0,11,4,82,58,1,1,2,0,0,0,0,0,0,0,1,0,0
0,10,6,85,75,0,1,3,0,1,0,0,0,1,0,0,0,0
0,10,2,86,72,0,1,3,0,0,0,0,1,0,0,0,1,0
1,12,2,79,74,1,1,6,0,0,1,0,1,0,0,0,1,0
1,12,2,77,76,1,1,1,0,0,0,1,1,0,0,0,1,0
1,9,2,100,35,1,1,5,1,0,0,0,1,0,0,0,0,0
0,12,4,97,43,0,1,2,0,0,1,0,1,0,0,0,0,0
0,10,2,81,53,1,1,1,0,0,0,1,0,0,1,0,1,0
1,10,1,73,100,0,1,5,0,0,0,0,1,0,0,0,0,0
0,11,4,97,85,1,1,5,0,1,0,0,0,0,1,0,1,0
0,11,1,79,82,0,1,5,0,1,0,0,0,0,1,0,0,0
1,12,1,92,71,0,1,5,0,0,1,0,0,0,1,0,0,1
1,11,2,92,81,0,1,7,0,1,0,0,0,0,0,1,0,0
0,10,2,96,58,0,1,4,0,0,1,0,0,0,1,0,1,0
1,11,3,90,70,0,1,3,1,0,1,0,0,1,0,1,0,0
0,10,3,72,88,1,1,4,0,1,0,0,0,0,0,0,0,0
0,10,2,79,90,1,1,5,1,1,0,0,1,0,0,0,1,0
0,11,1,70,51,1,1,2,0,0,1,0,0,0,0,0,0,0
0,11,3,72,100,0,1,3,0,0,1,0,1,0,0,0,1,0
1,12,0,100,78,1,1,3,1,0,0,1,0,0,0,0,1,0
1,12,2,79,80,0,1,1,0,0,0,1,0,0,1,0,0,0
0,9,2,96,76,0,1,4,0,0,1,0,0,1,0,1,0,0
1,12,3,81,74,1,1,1,0,0,0,0,1,0,0,0,0,0
0,12,3,67,54,1,1,4,0,0,1,0,0,0,1,0,1,0
1,10,4,86,72,1,1,5,1,0,0,0,1,0,0,1,0,0
0,10,3,88,66,1,1,3,0,0,1,0,1,0,0,1,0,0
0,11,1,86,60,1,1,6,0,0,1,0,0,0,0,1,0,0
1,9,3,67,90,1,1,1,0,0,0,0,1,0,0,0,0,0
1,10,3,87,89,0,1,5,0,0,0,1,0,0,0,0,0,0
0,11,5,95,47,0,1,5,0,0,1,0,1,0,0,0,0,0
0,10,1,78,75,1,1,1,0,0,0,1,1,0,0,0,1,0
0,12,3,77,77,1,1,8,0,0,0,1,0,0,0,0,1,0
0,10,1,78,53,1,1,3,0,0,0,0,0,0,1,0,0,0
0,9,1,71,60,0,1,2,0,0,0,1,1,0,0,0,1,0
0,9,4,75,100,0,1,1,0,0,0,0,0,0,0,0,0,0
1,12,3,86,62,1,1,3,0,1,0,0,0,0,0,0,0,0
1,9,4,79,76,1,1,3,0,0,1,0,0,0,0,0,1,0
1,10,6,84,92,0,1,4,1,1,0,0,1,0,0,0,1,0
1,10,1,84,100,0,1,3,0,0,1,0,0,0,0,1,0,0
1,9,2,100,85,1,1,4,0,0,0,0,0,0,1,0,0,0
1,11,2,91,89,0,0,3,0,0,1,0,0,0,0,0,1,0
1,10,3,69,64,1,1,1,0,1,0,0,1,0,0,0,0,1
1,11,2,84,84,1,1,3,1,1,0,0,0,0,0,0,0,0
1,12,3,71,80,0,1,1,0,0,0,0,1,0,0,0,1,0
0,12,3,90,91,0,1,4,0,0,1,0,1,0,0,1,0,0
1,12,4,89,73,1,1,2,0,0,0,0,0,0,1,0,0,0
1,11,0,89,78,0,1,4,0,0,0,0,0,0,1,0,0,0
1,12,3,72,58,1,0,5,0,0,1,0,1,0,0,0,1,0
1,12,4,84,85,0,1,2,0,0,1,0,1,0,0,0,0,0
1,11,3,85,89,1,1,5,0,0,1,0,0,1,0,1,0,0
0,11,2,85,68,0,1,3,1,0,0,0,1,0,0,0,1,0
0,12,2,81,78,0,1,6,0,0,0,0,1,0,0,0,0,0
1,10,2,97,61,1,1,3,0,0,0,0,0,0,1,0,1,0
0,11,2,80,96,0,1,2,0,0,1,0,1,0,0,0,1,0
1,11,3,95,52,0,1,5,0,0,0,0,1,0,0,0,0,0
0,10,3,93,76,0,1,3,1,0,1,0,1,0,0,0,1,0
1,9,4,79,96,1,1,2,0,1,0,0,0,1,0,0,0,1
0,10,6,81,68,0,1,3,1,0,0,0,1,0,0,0,1,0
0,9,5,100,67,0,1,3,0,0,0,0,0,0,1,0,0,0
0,9,2,82,54,1,1,6,1,0,0,1,1,0,0,1,0,0
0,9,1,74,63,0,1,1,0,0,0,0,0,0,0,0,0,0
0,10,2,87,98,1,1,4,0,0,1,0,1,0,0,0,0,0
0,9,1,94,71,1,1,4,0,0,1,0,1,0,0,1,0,0
0,9,2,91,58,1,1,4,1,0,1,0,1,0,0,0,0,1
0,9,3,86,82,1,1,5,0,1,0,0,1,0,0,0,0,0
0,11,3,100,65,0,1,3,0,0,0,0,0,0,0,0,0,0
1,12,2,78,66,1,1,3,0,1,0,0,1,0,0,0,0,0
1,9,2,96,96,0,1,4,0,0,1,0,0,0,0,1,0,0
0,12,2,76,82,1,1,4,0,0,0,0,1,0,0,0,1,0
0,9,2,91,78,1,1,3,0,0,0,1,0,0,0,0,0,1
1,9,0,100,100,1,1,4,0,0,0,0,1,0,0,0,1,0
0,12,2,81,79,1,1,3,1,0,0,0,0,0,0,0,1,0
1,11,3,91,100,0,0,3,0,0,0,0,0,0,0,1,0,0
0,11,2,77,54,0,1,3,0,1,0,0,1,0,0,0,0,0
1,9,1,84,100,0,1,6,1,1,0,0,0,0,1,0,1,0
1,11,2,87,74,1,1,1,0,0,0,0,0,0,0,0,1,0
0,12,4,100,67,1,1,4,0,1,0,0,1,0,0,0,1,0
1,11,2,95,85,1,1,4,0,1,0,0,0,0,1,0,1,0
1,12,5,90,69,1,1,1,0,1,0,0,0,0,1,0,0,0
0,12,3,96,87,1,1,4,1,0,0,0,1,0,0,0,1,0
0,11,3,95,92,0,1,4,0,1,0,0,0,1,0,0,1,0
0,10,5,91,72,1,1,4,0,0,1,0,1,0,0,1,0,0
0,9,3,97,62,0,1,1,1,0,0,0,0,0,0,0,0,0
0,12,3,81,75,1,1,6,0,0,0,0,1,0,0,0,1,0
0,11,4,86,75,1,1,2,1,1,0,0,1,0,0,1,0,0
1,9,0,92,84,0,1,5,0,0,0,0,0,0,0,0,1,0
0,11,6,81,78,1,1,5,0,0,1,0,0,0,1,1,0,0
1,10,3,100,73,0,1,2,0,1,0,0,0,0,0,1,0,0
1,10,3,91,77,0,1,4,1,0,1,0,1,0,0,0,0,0
1,12,2,86,91,1,1,3,1,0,0,0,1,0,0,0,1,0
0,11,1,86,64,0,0,1,0,0,0,1,1,0,0,0,0,0
1,12,4,69,66,1,1,5,1,1,0,0,1,0,0,0,1,0
0,11,3,100,74,1,1,2,0,0,0,0,1,0,0,0,0,0
1,11,2,100,53,0,1,2,0,0,0,0,0,1,0,0,1,0
0,11,0,89,67,1,0,3,0,1,0,0,0,0,1,0,1,0
1,12,1,92,78,0,1,4,0,0,0,0,1,0,0,0,1,0
1,12,2,72,88,0,0,3,0,0,0,1,1,0,0,0,0,0
1,11,3,84,100,0,1,4,0,0,1,0,1,0,0,1,0,0
1,12,1,69,64,1,1,1,0,1,0,0,0,0,1,0,0,1
0,9,2,87,71,1,1,2,0,0,0,0,0,0,0,0,0,1
1,12,3,72,96,0,1,3,0,0,0,1,1,0,0,0,0,0
1,11,2,96,80,1,1,6,0,0,0,0,0,0,0,1,0,0
0,11,3,90,81,1,1,3,0,0,1,0,0,1,0,1,0,0
0,9,3,98,77,1,1,5,1,0,0,0,1,0,0,0,1,0
0,11,4,84,96,1,1,4,0,0,0,0,0,0,1,1,0,0
1,11,1,100,74,1,1,3,0,1,0,0,1,0,0,0,0,0
0,11,0,86,64,0,1,3,0,0,0,1,1,0,0,1,0,0
0,10,4,78,68,0,1,3,0,0,0,0,0,0,1,0,0,0
0,12,0,80,38,1,1,4,1,0,1,0,1,0,0,0,0,0
1,9,0,92,86,1,1,6,1,0,1,0,1,0,0,0,0,0
0,9,3,75,74,1,1,4,0,0,0,0,0,0,0,0,1,0
1,11,2,73,97,0,1,5,0,0,0,1,1,0,0,0,1,0
1,10,4,82,75,1,1,2,0,1,0,0,0,0,0,0,0,0
1,9,3,64,71,0,1,3,0,0,1,0,0,0,1,1,0,0
1,12,1,74,70,1,1,2,0,1,0,0,0,0,0,0,1,0
1,12,5,91,66,0,1,4,0,1,0,0,1,0,0,0,0,0
1,12,3,98,88,1,1,3,1,0,1,0,1,0,0,0,1,0
0,10,3,78,85,0,1,5,0,0,0,0,1,0,0,0,1,0
0,10,3,93,84,1,1,2,0,0,0,0,0,0,1,1,0,0
0,12,4,79,94,0,1,4,0,0,1,0,1,0,0,0,1,0
0,10,3,100,64,1,1,5,0,0,1,0,0,0,1,0,1,0
1,11,5,86,65,0,1,1,0,1,0,0,1,0,0,0,0,0
0,9,2,81,81,0,1,7,0,0,1,0,1,0,0,0,1,0
1,11,3,79,74,1,1,3,0,1,0,0,0,0,0,1,0,0
0,10,6,100,81,0,1,1,0,0,1,0,0,1,0,0,0,1
1,12,3,86,84,1,1,4,0,0,0,1,0,0,1,1,0,0
0,9,1,82,49,1,1,4,0,0,0,0,1,0,0,0,1,0
0,9,3,91,67,1,1,3,0,0,0,0,0,1,0,0,0,0
1,11,5,72,53,1,0,5,1,0,1,0,0,0,0,1,0,0
0,12,3,95,100,0,1,5,0,0,1,0,0,0,0,0,1,0
0,12,2,95,74,0,1,4,1,0,1,0,0,0,1,0,0,0
1,11,2,93,84,1,1,4,1,1,0,0,0,0,0,0,0,0
0,9,0,99,95,1,1,3,1,0,1,0,0,0,0,0,0,0
1,9,2,88,82,0,1,6,0,1,0,0,1,0,0,1,0,0
0,9,3,79,64,0,1,1,0,1,0,0,0,0,1,0,1,0
1,10,2,96,83,1,0,4,0,0,1,0,0,0,0,1,0,0
1,11,2,92,32,0,1,4,0,1,0,0,1,0,0,0,0,0
1,11,4,67,69,1,1,5,0,1,0,0,1,0,0,0,0,0
1,12,1,72,92,1,1,2,0,0,0,1,0,1,0,0,0,1
0,11,2,88,74,0,1,1,1,0,0,0,0,1,0,0,1,0
1,11,3,85,55,1,1,4,0,1,0,0,1,0,0,1,0,0
1,11,4,80,51,1,1,4,0,1,0,0,1,0,0,0,1,0
0,10,2,100,87,1,1,6,0,0,1,0,1,0,0,0,0,0
0,10,2,81,70,0,1,2,1,0,1,0,0,1,0,1,0,0
0,9,6,88,81,0,1,5,0,0,0,0,0,1,0,0,1,0
1,9,4,87,71,1,1,7,0,0,0,0,1,0,0,0,0,1
0,12,2,84,74,1,1,3,1,0,0,0,1,0,0,1,0,0
1,11,4,85,85,1,1,2,0,0,0,0,1,0,0,0,0,0
0,11,2,85,45,1,1,3,0,1,0,0,1,0,0,0,0,0
0,12,4,88,89,1,1,4,0,0,0,1,1,0,0,0,0,0
1,12,0,100,72,0,1,4,0,0,1,0,1,0,0,0,1,0
0,9,4,74,84,1,0,3,0,0,1,0,0,1,0,0,1,0
1,11,1,78,100,1,1,6,0,0,0,0,0,1,0,0,0,0
0,11,2,87,88,1,1,2,0,0,0,0,1,0,0,0,0,0
1,12,3,86,80,1,1,1,0,0,0,0,0,1,0,0,1,0
0,12,6,84,78,0,1,5,0,0,0,0,0,0,1,1,0,0
1,9,4,96,92,1,1,1,0,0,1,0,1,0,0,0,1,0
1,9,3,73,99,1,1,3,0,1,0,0,1,0,0,0,0,0
0,9,1,88,63,1,1,8,1,1,0,0,0,0,0,0,0,0
0,11,2,88,79,1,1,3,1,0,0,0,1,0,0,0,0,0
1,12,3,100,81,1,1,2,0,0,0,1,1,0,0,0,0,0
1,10,2,94,92,1,1,3,0,0,0,0,1,0,0,0,1,0
0,10,1,90,85,1,1,3,1,0,0,1,0,1,0,0,1,0
1,12,2,98,72,1,0,4,0,0,0,0,0,0,1,0,1,0
1,11,3,83,75,1,1,4,0,0,1,0,1,0,0,0,1,0
1,11,1,70,98,1,1,2,0,0,1,0,0,0,1,0,0,0
1,9,1,75,42,0,1,6,0,1,0,0,0,1,0,0,0,0
1,12,2,71,99,1,1,4,0,0,0,1,0,0,1,0,1,0
0,11,4,78,100,1,1,5,0,0,1,0,1,0,0,0,0,0
0,11,4,81,37,1,1,3,0,0,0,1,1,0,0,0,0,0
1,11,6,71,50,1,1,5,0,0,0,0,0,0,0,0,0,0
1,10,4,100,95,0,1,3,0,1,0,0,1,0,0,0,0,0
0,11,3,90,87,1,1,4,0,0,0,0,0,0,1,0,0,1
1,9,4,87,76,0,1,2,0,1,0,0,1,0,0,1,0,0
0,12,2,77,70,1,1,2,0,0,1,0,0,0,1,1,0,0
1,10,0,84,60,1,1,5,0,0,0,1,1,0,0,0,0,0
0,12,1,86,95,0,1,3,0,0,1,0,1,0,0,0,0,1
1,10,4,69,60,1,1,2,0,0,0,0,0,0,1,0,1,0
1,9,4,75,71,1,1,3,0,0,0,0,1,0,0,0,0,0
1,11,3,75,76,1,1,5,1,0,0,1,0,0,0,0,0,0
0,9,1,78,79,0,0,3,1,0,0,0,1,0,0,0,0,1
0,10,0,89,74,1,1,3,0,0,1,0,1,0,0,0,0,0
1,10,3,87,95,0,1,4,0,0,0,0,1,0,0,0,1,0
1,11,3,80,76,1,0,1,0,0,1,0,1,0,0,1,0,0
1,9,3,85,75,0,1,1,0,1,0,0,1,0,0,0,0,0
0,10,1,78,53,1,1,4,0,0,1,0,1,0,0,0,0,0
1,12,5,72,64,0,1,2,0,0,0,1,1,0,0,0,0,0
0,12,1,93,70,1,1,5,0,1,0,0,0,0,1,0,0,1
0,11,4,78,79,0,0,5,0,0,0,0,1,0,0,1,0,0
1,12,1,100,57,1,1,5,0,0,0,0,1,0,0,0,1,0
0,10,3,91,81,1,1,6,0,0,0,0,1,0,0,0,1,0
0,12,2,83,75,1,1,3,0,1,0,0,1,0,0,0,1,0
1,11,2,94,100,1,1,4,0,1,0,0,0,0,0,1,0,0
0,10,2,71,73,1,1,3,0,1,0,0,0,1,0,1,0,0
0,12,6,76,99,0,1,7,1,1,0,0,0,0,1,0,0,1
1,11,5,79,83,0,1,6,0,0,0,1,1,0,0,0,0,0
1,10,5,81,71,1,1,4,0,0,0,0,1,0,0,0,1,0
0,11,2,74,65,0,0,4,1,0,0,0,0,1,0,0,0,0
0,12,1,85,63,1,1,6,0,0,0,1,0,0,0,1,0,0
0,9,3,69,79,1,1,3,0,1,0,0,1,0,0,0,1,0
0,11,4,65,80,0,1,3,0,0,0,0,0,0,1,1,0,0
0,10,4,72,100,0,1,5,0,0,0,1,1,0,0,0,0,0
0,11,3,77,74,0,1,4,0,1,0,0,0,1,0,1,0,0
1,11,3,85,83,1,0,4,0,0,0,0,0,1,0,0,0,0
0,11,1,86,53,0,1,2,0,0,1,0,1,0,0,1,0,0
1,10,2,75,63,1,1,1,0,0,0,1,1,0,0,0,0,0
0,11,4,95,84,1,1,4,0,0,1,0,0,0,0,0,1,0
0,9,1,81,93,1,1,5,0,1,0,0,0,0,0,0,1,0
0,12,3,100,80,0,1,3,0,0,0,0,0,0,0,0,1,0
1,11,3,81,77,0,1,6,0,0,0,1,1,0,0,0,1,0
0,11,2,92,89,0,1,2,0,0,0,0,1,0,0,1,0,0
0,11,1,71,47,1,1,2,0,0,0,0,0,1,0,0,1,0
0,9,3,73,42,1,1,3,0,0,0,1,1,0,0,0,1,0
1,12,3,100,74,1,0,3,0,0,0,0,1,0,0,0,0,1
1,9,4,85,73,1,1,5,1,0,0,0,0,0,0,1,0,0
0,10,4,82,79,1,1,2,0,0,1,0,0,0,0,0,1,0
1,10,3,78,89,0,1,6,0,1,0,0,1,0,0,0,1,0
1,12,2,77,83,1,1,6,0,0,1,0,1,0,0,0,0,1
0,9,1,85,74,1,0,3,0,0,1,0,1,0,0,0,1,0
0,12,4,89,74,1,1,5,1,0,0,0,1,0,0,0,0,1
1,12,4,98,83,1,1,2,0,0,0,1,1,0,0,0,0,1
0,11,3,71,59,1,1,5,0,0,1,0,0,0,0,0,1,0
1,11,2,78,72,0,1,5,1,0,0,0,0,0,0,0,0,0
0,11,3,90,73,0,1,5,0,0,1,0,1,0,0,0,0,0
0,11,3,85,45,0,1,3,1,0,0,0,1,0,0,0,1,0
0,11,1,83,56,1,1,1,0,1,0,0,1,0,0,0,0,1
0,12,3,100,93,1,1,3,0,0,1,0,0,0,1,0,0,0
1,11,2,99,77,1,1,3,0,1,0,0,0,0,1,0,0,0
1,11,2,78,70,0,1,2,0,0,0,1,1,0,0,0,1,0
0,10,2,86,77,0,1,4,0,1,0,0,1,0,0,0,1,0
0,10,3,89,92,1,1,3,0,1,0,0,1,0,0,0,1,0
1,10,4,70,36,1,1,2,0,1,0,0,0,0,1,0,0,0
1,10,4,71,71,1,1,2,0,1,0,0,1,0,0,0,0,1
0,9,1,66,83,0,1,2,0,0,1,0,0,0,0,0,0,1
1,12,4,79,36,0,1,5,0,0,1,0,0,0,1,0,1,0
0,12,2,88,52,1,1,3,0,0,1,0,1,0,0,1,0,0
0,11,3,84,83,1,1,3,0,0,0,0,0,1,0,0,0,0
1,10,3,75,92,1,1,3,0,0,0,0,1,0,0,0,0,0
1,10,2,84,61,1,1,4,0,0,0,0,0,0,1,0,0,0
1,12,2,76,72,1,1,4,1,0,1,0,0,0,0,0,1,0
0,9,5,71,50,1,1,1,0,1,0,0,1,0,0,0,1,0
1,11,5,82,64,0,1,5,0,0,0,0,0,0,1,0,1,0
0,10,4,78,100,0,1,6,1,0,0,1,1,0,0,1,0,0
1,9,4,80,100,1,1,2,1,0,0,0,1,0,0,0,1,0
0,10,2,92,79,0,1,2,1,1,0,0,1,0,0,0,0,0
0,10,4,100,75,1,1,3,0,1,0,0,0,0,1,0,0,0
0,12,1,89,64,1,1,2,0,0,0,0,0,1,0,0,1,0
1,10,6,86,69,1,1,4,0,0,0,1,1,0,0,0,1,0
1,9,3,71,60,1,1,1,0,0,0,0,0,0,0,0,1,0
0,11,4,78,59,1,1,2,0,0,0,0,1,0,0,0,1,0
1,11,3,96,85,1,1,6,0,0,1,0,1,0,0,0,1,0
1,9,4,77,53,1,1,2,1,0,0,0,0,0,0,1,0,0
0,9,5,81,71,0,1,5,0,0,1,0,0,0,1,0,1,0
0,10,4,90,81,1,1,4,0,1,0,0,0,0,0,0,1,0
1,12,6,78,88,1,1,1,1,0,1,0,1,0,0,0,0,0
0,12,3,87,97,1,1,4,0,0,1,0,0,0,1,0,1,0
1,10,3,90,91,0,1,3,0,0,1,0,1,0,0,1,0,0
1,12,2,76,59,1,1,3,1,0,0,0,1,0,0,0,0,0
1,9,0,100,58,0,1,4,1,0,1,0,0,0,1,0,1,0
1,10,2,82,79,1,1,4,1,1,0,0,0,0,1,0,1,0
0,9,4,93,66,1,1,5,0,0,1,0,1,0,0,0,0,1
0,9,2,87,71,1,1,5,0,0,0,1,1,0,0,0,1,0
1,12,5,89,86,1,0,4,0,1,0,0,1,0,0,0,0,0
1,12,3,96,77,1,1,1,0,0,1,0,1,0,0,1,0,0
1,12,1,88,65,1,1,3,0,0,0,0,0,1,0,1,0,0
1,9,2,90,93,1,0,8,0,1,0,0,1,0,0,0,0,0
1,9,3,88,100,1,1,5,1,0,0,1,0,1,0,0,0,0
0,9,3,100,83,1,1,7,0,0,0,0,0,0,0,0,1,0
1,12,0,92,80,0,1,6,0,0,0,0,0,0,1,0,0,0
0,12,4,91,72,1,1,4,0,0,0,0,1,0,0,0,0,1
1,11,1,82,62,0,1,4,0,1,0,0,0,0,1,0,1,0
0,10,2,90,100,0,1,3,1,0,1,0,0,0,0,0,0,0
1,9,3,73,81,1,1,1,0,0,0,1,1,0,0,0,0,0
0,12,4,78,72,1,1,4,0,0,1,0,0,0,0,1,0,0
0,10,3,77,84,1,1,5,0,0,0,0,0,0,1,1,0,0
1,9,2,89,61,0,1,3,0,0,1,0,1,0,0,0,1,0
1,10,2,92,69,0,1,4,0,1,0,0,0,0,0,1,0,0
1,12,5,81,78,0,1,5,0,0,0,0,1,0,0,0,0,0
1,10,4,70,48,0,1,2,0,0,1,0,1,0,0,0,0,0
1,10,0,97,66,0,0,3,0,0,1,0,1,0,0,0,0,0
1,11,6,79,77,1,1,2,0,1,0,0,0,0,1,0,1,0
0,11,5,100,100,1,1,2,0,1,0,0,0,0,1,1,0,0
1,12,4,95,83,0,1,2,0,0,0,0,0,1,0,0,1,0
1,12,4,79,62,1,1,2,0,0,0,0,0,1,0,1,0,0
0,12,2,83,68,1,1,6,0,0,1,0,1,0,0,0,1,0
0,12,4,94,76,0,0,2,1,1,0,0,1,0,0,0,0,0
0,10,5,73,72,1,1,4,0,0,1,0,1,0,0,0,1,0
1,12,1,66,73,0,1,3,0,0,0,1,1,0,0,0,0,1
0,10,2,100,84,0,1,5,0,0,0,0,0,0,0,0,0,1
0,9,1,100,93,1,1,5,0,0,0,1,0,0,1,0,1,0
1,10,3,82,60,0,1,5,0,1,0,0,1,0,0,0,1,0
1,9,2,95,100,1,1,4,0,1,0,0,1,0,0,0,1,0
1,12,5,80,58,1,1,3,0,1,0,0,0,0,1,0,1,0
0,9,3,67,79,1,1,2,0,1,0,0,0,0,0,0,0,0
1,12,2,80,51,1,1,6,0,0,0,1,1,0,0,0,1,0
1,12,3,79,57,1,1,2,0,0,0,1,1,0,0,0,1,0
0,12,0,84,100,1,1,5,0,0,0,0,1,0,0,0,0,0
0,11,5,80,65,1,1,5,0,0,0,0,0,0,1,1,0,0
0,9,3,75,79,1,1,3,1,0,1,0,1,0,0,0,1,0
0,10,4,97,73,0,1,5,0,0,0,0,1,0,0,0,1,0
1,10,2,76,62,0,0,5,0,1,0,0,1,0,0,1,0,0
0,11,2,88,88,1,1,6,0,1,0,0,1,0,0,1,0,0
0,10,1,99,70,1,0,3,0,0,0,0,1,0,0,1,0,0
0,11,2,77,38,1,1,2,0,0,1,0,1,0,0,0,0,0
0,12,4,92,70,1,0,3,0,1,0,0,1,0,0,0,0,1
1,10,3,90,51,0,1,4,1,0,1,0,1,0,0,0,0,0
1,9,2,92,56,0,0,4,0,0,1,0,0,1,0,0,0,0
1,9,3,71,81,1,1,3,0,0,0,0,0,0,1,1,0,0
1,9,2,68,92,1,1,1,0,0,1,0,0,1,0,0,1,0
0,11,1,76,78,1,0,4,0,1,0,0,1,0,0,0,0,1
0,12,4,74,75,0,1,6,0,1,0,0,1,0,0,0,0,0
0,9,3,91,77,1,1,4,0,1,0,0,1,0,0,0,0,0
0,9,2,76,76,0,1,4,0,0,0,0,1,0,0,0,1,0
0,10,1,55,81,0,0,4,0,1,0,0,0,1,0,0,1,0
1,10,4,61,59,1,1,4,0,1,0,0,1,0,0,1,0,0
0,11,3,100,75,1,1,5,0,0,1,0,0,1,0,1,0,0
0,12,1,83,95,0,1,4,0,0,0,0,0,0,1,0,0,0
1,11,2,77,67,1,1,3,1,0,1,0,0,0,1,0,0,0
1,9,1,86,99,1,1,2,0,0,0,0,1,0,0,0,0,0
0,9,3,82,70,1,1,3,0,0,1,0,1,0,0,0,0,0
1,12,0,93,73,0,1,4,0,0,1,0,1,0,0,1,0,0
0,9,2,100,79,0,0,3,0,0,0,1,0,0,1,0,1,0
1,10,1,80,92,0,1,4,0,0,0,1,1,0,0,0,1,0
0,11,3,70,88,0,1,4,0,1,0,0,0,1,0,0,1,0
0,9,2,100,91,0,1,5,0,1,0,0,0,0,1,0,0,1
1,10,2,97,76,0,1,5,0,0,0,0,1,0,0,0,0,1
0,9,4,89,62,1,1,4,0,0,0,0,1,0,0,0,1,0
0,11,2,95,69,1,1,2,0,0,0,0,1,0,0,0,1,0
1,11,2,75,81,0,1,3,1,1,0,0,1,0,0,0,0,0
1,11,6,74,75,0,1,4,0,0,1,0,1,0,0,0,1,0
0,11,5,84,81,0,1,1,0,1,0,0,0,0,0,1,0,0
0,12,1,89,72,1,1,6,0,1,0,0,1,0,0,0,1,0
0,12,4,96,100,0,1,4,0,1,0,0,1,0,0,0,1,0
0,9,3,88,77,0,1,4,0,0,1,0,0,0,0,0,1,0
1,9,2,88,70,1,1,6,0,1,0,0,0,0,0,0,1,0
1,12,3,98,59,1,1,3,0,0,0,0,0,0,0,0,1,0
1,11,4,98,73,1,1,4,0,0,0,0,1,0,0,1,0,0
1,10,0,78,94,1,1,3,1,1,0,0,1,0,0,0,0,0
0,9,2,75,67,1,1,3,0,1,0,0,1,0,0,0,1,0
1,11,4,90,71,1,1,2,0,0,0,1,0,1,0,0,0,0
0,12,2,81,61,1,1,6,0,0,1,0,1,0,0,0,0,0
1,10,5,81,93,0,1,3,0,0,1,0,0,0,0,0,1,0
0,11,5,94,68,0,1,5,0,0,0,0,0,0,0,1,0,0
1,12,3,84,61,0,1,1,1,0,0,0,0,0,0,0,0,0
1,11,3,73,92,1,1,5,0,0,0,0,0,0,0,0,0,0
0,10,2,87,79,1,1,5,0,0,0,0,0,0,0,0,0,0
1,12,2,90,67,0,1,4,0,0,0,0,1,0,0,0,1,0
0,12,4,71,76,1,1,3,0,0,0,0,0,0,1,0,0,0
1,11,5,74,64,0,1,4,0,0,0,0,0,0,1,0,0,0
1,12,3,86,80,0,1,7,0,0,0,0,0,0,1,0,1,0
0,11,3,91,91,1,1,1,1,0,1,0,1,0,0,0,0,1
1,11,3,82,85,0,1,5,0,0,0,0,0,0,1,0,1,0
0,11,5,83,60,1,1,2,0,1,0,0,1,0,0,0,1,0
1,9,4,83,42,1,1,3,0,0,0,1,1,0,0,0,0,0
1,12,4,79,73,0,1,3,0,0,1,0,0,0,1,0,1,0
1,12,3,86,85,1,1,3,0,0,1,0,0,0,0,0,1,0
0,10,2,90,71,0,1,3,0,0,0,0,0,0,0,0,1,0
0,12,4,91,60,1,1,2,0,1,0,0,0,0,1,0,1,0
0,12,4,79,87,1,1,5,0,0,0,0,0,0,1,0,0,0
0,9,3,100,71,1,1,1,1,0,1,0,1,0,0,1,0,0
1,9,2,84,70,0,1,4,0,0,1,0,1,0,0,0,1,0
0,10,4,68,59,1,1,3,0,0,1,0,0,1,0,0,0,0
0,11,1,94,100,1,1,2,1,0,0,1,1,0,0,0,0,0
1,9,2,83,76,0,1,4,0,0,0,0,1,0,0,0,0,1
1,12,4,75,78,1,1,1,0,0,0,0,1,0,0,0,0,1
1,11,4,90,77,0,1,4,0,0,0,1,1,0,0,0,1,0
0,12,4,57,85,1,1,1,0,0,0,1,0,1,0,0,0,1
1,11,2,66,82,0,1,4,0,0,0,0,1,0,0,0,0,0
1,12,5,83,89,0,1,2,0,0,0,0,0,1,0,0,1,0
0,11,5,98,99,1,0,3,0,1,0,0,0,1,0,0,0,0
1,9,4,85,50,1,1,4,0,0,1,0,1,0,0,0,1,0
1,10,2,76,100,0,1,2,0,0,0,0,1,0,0,0,1,0
0,12,2,86,83,1,0,3,1,0,0,1,0,0,0,0,0,0
0,10,3,100,65,0,1,1,0,1,0,0,1,0,0,0,1,0
0,9,3,77,55,1,1,4,0,0,1,0,0,0,1,0,1,0
0,12,2,84,68,1,1,6,0,0,0,0,1,0,0,0,0,0
1,11,1,70,73,1,1,8,0,0,1,0,0,0,1,0,0,0
1,9,0,92,76,0,1,4,0,0,1,0,1,0,0,0,1,0
0,11,0,81,63,1,1,5,0,1,0,0,0,0,0,1,0,0
0,11,3,98,46,0,1,1,1,0,0,0,1,0,0,0,1,0
1,11,3,83,85,0,1,6,0,0,0,0,1,0,0,0,0,0
1,11,3,77,70,1,0,5,0,0,0,1,1,0,0,0,1,0
1,11,1,95,75,1,1,3,0,1,0,0,1,0,0,0,1,0
1,11,5,84,64,0,1,5,0,0,1,0,1,0,0,0,1,0
0,10,0,66,51,1,1,3,1,0,0,0,1,0,0,0,1,0
0,10,3,90,51,0,1,3,0,0,0,0,1,0,0,0,1,0
1,10,4,80,77,1,1,4,0,0,0,0,1,0,0,1,0,0
1,11,5,93,70,1,0,2,1,0,0,1,1,0,0,0,1,0
1,12,1,63,64,0,1,5,0,0,0,1,1,0,0,0,1,0
0,12,2,75,73,1,1,2,0,0,1,0,1,0,0,0,0,0
0,12,3,82,65,1,1,2,0,1,0,0,1,0,0,1,0,0
1,11,3,89,58,1,1,2,0,1,0,0,0,0,0,1,0,0
0,10,5,84,75,1,1,5,0,0,1,0,1,0,0,0,0,0
0,9,4,87,89,1,1,3,0,0,0,0,0,0,0,0,1,0
0,9,3,78,80,0,1,1,0,0,1,0,1,0,0,0,0,0
1,12,1,86,74,1,1,3,0,1,0,0,0,0,1,0,1,0
1,11,2,83,46,1,1,3,0,0,0,1,0,1,0,0,1,0
0,11,2,85,77,0,1,2,0,0,0,1,0,1,0,0,0,0
1,10,1,97,62,1,1,2,0,1,0,0,1,0,0,1,0,0
0,12,4,89,65,1,1,7,0,1,0,0,0,0,0,0,0,0
1,10,5,73,88,0,1,2,0,0,1,0,1,0,0,0,1,0
0,10,4,78,95,0,1,3,1,0,0,0,1,0,0,0,1,0
0,11,2,87,78,1,0,3,0,0,0,1,1,0,0,0,0,0
1,10,2,93,86,0,0,3,1,0,0,1,1,0,0,0,0,0
1,11,0,98,50,1,1,4,0,0,0,1,0,0,0,0,0,0
1,10,4,96,58,0,1,5,0,1,0,0,1,0,0,0,1,0
1,12,2,73,71,1,1,3,1,0,0,0,1,0,0,0,1,0
0,12,2,92,94,1,1,2,0,0,0,0,0,1,0,0,0,0
1,12,5,79,71,1,1,5,0,0,0,0,0,0,0,0,0,0
0,12,0,76,89,1,1,3,0,0,0,1,1,0,0,0,0,1
1,9,5,72,66,1,1,6,0,0,1,0,1,0,0,0,1,0
0,9,2,87,62,0,0,1,0,0,1,0,1,0,0,0,1,0
0,10,3,80,74,1,1,4,0,0,0,0,1,0,0,0,0,1
0,11,3,85,68,1,1,6,1,0,0,0,0,0,0,0,1,0
0,11,2,84,69,1,1,3,0,0,0,1,1,0,0,0,0,1
1,9,2,100,83,1,1,3,0,0,1,0,0,0,1,1,0,0
1,9,2,91,69,0,1,4,0,0,0,1,0,0,0,1,0,0
0,9,4,88,73,1,1,3,0,0,0,1,1,0,0,0,1,0
1,11,3,69,58,1,1,3,0,1,0,0,0,0,1,1,0,0
0,9,1,86,100,1,1,3,0,0,1,0,0,0,0,1,0,0
0,10,6,91,82,0,1,3,0,1,0,0,1,0,0,1,0,0
1,12,0,79,63,1,1,5,0,0,1,0,1,0,0,0,1,0
1,10,2,83,67,1,1,4,0,0,0,0,0,0,0,0,0,0
1,12,0,92,58,1,1,4,0,1,0,0,1,0,0,0,0,0
1,12,3,100,61,1,1,5,0,0,1,0,1,0,0,0,0,0
1,12,0,82,91,1,1,3,1,1,0,0,0,0,1,0,1,0
1,11,5,72,82,0,1,2,0,0,0,0,0,0,0,0,0,0
0,10,2,83,100,0,1,3,1,0,1,0,1,0,0,0,0,0
1,9,0,87,82,0,1,4,0,0,1,0,0,0,0,0,1,0
0,10,4,85,79,1,1,2,0,0,1,0,0,0,0,0,0,0
0,12,2,87,69,1,1,3,0,0,0,1,0,1,0,0,1,0
1,10,3,81,80,1,1,3,0,0,1,0,1,0,0,1,0,0
0,11,2,96,74,0,1,7,0,0,0,1,1,0,0,0,1,0
1,10,0,97,61,1,1,1,0,0,0,0,0,1,0,0,1,0
0,9,2,79,95,0,1,3,0,0,1,0,1,0,0,0,1,0
0,10,0,100,90,1,1,6,1,0,0,0,1,0,0,0,1,0
0,11,3,84,79,1,1,4,0,0,1,0,1,0,0,0,0,0
1,12,3,91,83,1,1,5,1,0,0,0,0,0,0,1,0,0
1,9,3,83,72,1,1,4,0,0,0,1,0,0,1,0,0,0
1,12,2,96,83,0,1,3,0,0,0,1,1,0,0,0,0,1
0,10,0,91,77,0,1,1,0,0,1,0,0,0,1,0,1,0
1,9,2,81,91,1,1,4,0,0,0,0,0,1,0,0,0,0
1,9,4,77,81,1,1,2,0,0,0,1,0,0,1,0,0,0
0,11,1,71,65,0,1,2,0,0,1,0,1,0,0,0,0,1
0,12,4,94,82,0,1,3,0,0,1,0,0,1,0,0,0,0
1,11,4,90,65,1,1,6,0,1,0,0,0,1,0,0,0,0
1,10,3,93,86,1,1,7,0,0,0,0,1,0,0,0,0,1
1,11,4,92,80,1,1,4,0,0,1,0,1,0,0,0,1,0
1,9,4,84,61,1,1,3,0,1,0,0,0,0,1,1,0,0
1,12,2,77,64,1,1,2,1,0,1,0,0,1,0,0,0,0
1,9,2,77,70,1,0,4,0,1,0,0,0,0,0,1,0,0
1,10,0,87,75,1,1,6,0,0,0,0,1,0,0,0,0,0
0,10,1,91,89,1,1,3,0,0,0,0,1,0,0,0,0,0
0,9,0,77,63,1,1,1,0,0,1,0,0,1,0,0,0,0
0,11,1,93,72,0,1,5,0,0,0,0,0,0,0,0,1,0
1,12,2,64,84,0,1,5,0,0,0,0,1,0,0,0,1,0
0,10,1,85,79,1,1,1,0,0,0,0,0,0,0,0,1,0
1,9,5,71,30,0,0,4,0,1,0,0,1,0,0,0,1,0
1,9,3,100,93,0,1,4,0,1,0,0,1,0,0,0,1,0
0,10,3,80,87,1,1,3,0,1,0,0,0,0,1,0,1,0
1,12,1,89,82,1,1,2,0,1,0,0,0,0,0,1,0,0
0,11,4,100,80,0,1,5,0,0,1,0,1,0,0,0,0,0
1,9,2,84,48,0,1,3,0,1,0,0,0,0,1,0,0,0
1,12,1,80,67,0,1,1,1,1,0,0,1,0,0,0,1,0
0,11,3,76,91,0,1,1,1,0,0,0,1,0,0,0,1,0
1,11,3,84,70,0,1,5,0,1,0,0,1,0,0,0,0,0
0,10,3,93,61,1,1,4,1,0,0,0,1,0,0,0,0,0
0,10,2,81,54,1,1,4,1,0,1,0,1,0,0,0,1,0
1,10,1,80,88,1,1,3,0,1,0,0,1,0,0,0,1,0
1,11,3,86,87,1,1,3,0,0,1,0,1,0,0,0,0,0
1,11,2,88,73,0,1,2,0,1,0,0,1,0,0,1,0,0
0,9,3,79,38,1,1,3,0,1,0,0,0,0,1,0,1,0
0,12,2,99,88,0,1,1,0,0,0,1,0,0,1,0,1,0
1,11,4,97,76,1,1,2,0,1,0,0,0,0,1,0,1,0
0,11,3,78,70,1,1,3,0,0,0,0,1,0,0,1,0,0
1,10,3,97,72,1,1,4,0,0,1,0,1,0,0,0,0,0
1,12,2,85,84,1,1,3,1,0,1,0,0,0,0,0,0,0
0,11,0,62,66,0,1,5,0,0,0,1,0,0,1,0,1,0
0,11,1,79,72,0,1,6,1,0,0,0,0,0,0,0,1,0
1,10,2,99,79,0,1,5,0,1,0,0,1,0,0,0,0,1
1,10,3,91,57,1,1,4,0,1,0,0,1,0,0,1,0,0
0,12,4,84,85,1,1,4,0,1,0,0,1,0,0,0,1,0
1,12,1,69,87,1,1,2,0,0,0,0,0,0,0,0,0,0
1,9,3,75,61,1,1,5,0,1,0,0,1,0,0,0,0,0
1,10,4,73,99,0,1,6,0,0,1,0,1,0,0,0,0,0
1,10,1,91,70,0,1,4,0,0,0,1,1,0,0,0,1,0
1,11,3,79,72,0,1,6,0,0,0,0,0,0,1,1,0,0
1,12,3,74,86,1,1,1,1,0,0,1,1,0,0,0,1,0
1,9,2,82,60,0,1,2,1,0,0,0,0,0,1,1,0,0
1,9,0,83,100,1,1,5,0,1,0,0,0,0,1,1,0,0
1,10,4,84,71,0,0,4,1,1,0,0,1,0,0,0,1,0
1,11,3,90,57,1,1,5,0,0,0,1,0,1,0,0,1,0
1,10,4,92,85,1,1,3,0,0,0,1,1,0,0,0,1,0
1,9,3,85,85,1,1,2,0,0,0,1,0,0,1,0,1,0
0,9,3,81,66,0,1,3,1,1,0,0,1,0,0,0,0,1
1,12,3,100,56,1,1,1,0,0,1,0,1,0,0,0,1,0
1,12,0,86,75,1,1,2,1,0,1,0,0,0,0,0,0,1
1,10,3,87,71,0,1,5,1,0,0,0,1,0,0,1,0,0
1,9,5,68,62,1,1,5,1,0,1,0,1,0,0,1,0,0
0,12,2,68,72,1,1,4,0,0,0,0,1,0,0,0,0,0
1,9,5,85,78,1,1,1,1,0,0,0,0,0,0,0,0,0
1,10,1,78,69,1,1,3,0,0,1,0,0,0,1,0,1,0
1,12,2,97,83,0,1,2,1,0,1,0,1,0,0,0,1,0
0,11,1,87,82,0,1,5,1,0,0,1,1,0,0,0,0,0
0,11,4,100,59,1,1,3,0,1,0,0,1,0,0,0,1,0
1,9,1,72,71,0,1,2,0,0,0,1,1,0,0,0,0,0
1,12,3,94,73,1,1,4,0,0,0,0,1,0,0,0,0,1
1,10,2,86,62,1,1,3,0,1,0,0,1,0,0,0,0,1
0,9,6,68,77,1,1,6,0,0,1,0,0,0,1,0,0,0
0,11,6,85,72,1,0,2,0,0,0,1,0,0,1,0,1,0
1,10,2,83,95,1,1,1,0,1,0,0,1,0,0,1,0,0
0,9,0,100,53,0,1,1,0,0,1,0,1,0,0,0,1,0
1,10,2,80,83,0,1,3,0,0,1,0,0,0,1,0,1,0
0,11,0,89,100,1,1,3,0,1,0,0,0,1,0,0,0,0
1,10,0,86,65,1,1,1,0,0,1,0,0,1,0,0,1,0
0,9,3,85,65,0,1,5,0,0,0,0,1,0,0,0,0,0
1,11,3,100,72,0,1,5,1,0,1,0,0,0,1,0,1,0
0,9,4,72,60,0,1,3,0,1,0,0,1,0,0,1,0,0
1,9,3,99,80,1,1,6,0,0,1,0,0,0,1,0,0,0
1,11,2,84,56,0,1,4,0,0,1,0,1,0,0,0,1,0
1,11,3,93,68,1,1,2,1,0,0,0,0,0,0,0,0,1
1,12,2,87,68,1,1,2,0,0,1,0,0,0,1,0,0,0
0,10,2,100,71,1,1,5,1,0,1,0,1,0,0,0,0,0
0,10,2,78,86,1,1,4,0,0,1,0,0,0,1,0,0,0
0,11,2,78,94,1,1,4,1,0,1,0,0,0,0,0,0,0
1,9,5,78,47,1,1,2,0,0,0,1,0,0,1,0,0,0
0,9,4,78,86,1,1,4,0,1,0,0,1,0,0,0,1,0
1,9,0,93,56,0,0,2,1,0,0,1,0,0,0,0,0,0
1,10,4,85,60,1,1,3,0,0,0,0,1,0,0,0,1,0
1,11,2,91,76,1,1,6,0,0,0,0,0,0,0,1,0,0
1,9,3,100,51,1,1,3,1,0,0,0,1,0,0,0,1,0
1,9,5,86,61,0,1,1,0,0,0,0,1,0,0,0,0,0
1,12,1,83,88,1,1,2,0,0,0,0,1,0,0,0,0,0
0,9,2,100,53,1,0,5,0,0,1,0,1,0,0,1,0,0
1,10,2,72,80,1,1,4,1,0,0,0,1,0,0,0,1,0
1,11,4,80,35,0,0,3,0,1,0,0,0,0,0,0,1,0
1,9,3,89,81,0,1,3,0,0,0,0,0,0,1,0,0,0
1,9,4,74,85,1,1,4,0,0,0,0,0,0,1,0,1,0
1,11,4,67,79,1,1,2,0,0,0,0,1,0,0,0,0,0
0,9,2,84,80,0,1,4,0,0,0,0,1,0,0,1,0,0
0,10,2,78,75,1,1,2,1,1,0,0,1,0,0,1,0,0
1,12,1,74,85,0,1,2,1,0,1,0,1,0,0,0,0,1
0,11,1,91,81,1,1,3,0,0,0,0,0,1,0,0,1,0
0,12,0,78,92,1,1,3,0,1,0,0,1,0,0,0,0,0
0,9,1,80,81,1,1,3,1,0,0,0,1,0,0,0,1,0
0,10,4,82,66,1,1,4,0,1,0,0,0,0,0,1,0,0
0,9,5,100,89,0,1,1,0,0,0,0,0,0,0,0,1,0
0,12,3,76,62,0,1,2,0,0,0,0,1,0,0,0,0,0
1,12,3,89,96,1,1,3,1,1,0,0,0,0,1,0,0,0
0,10,3,69,90,0,1,6,1,0,0,0,0,0,0,1,0,0
0,11,1,81,78,1,1,2,0,1,0,0,0,0,0,0,1,0
1,10,5,100,84,1,1,4,0,0,1,0,1,0,0,0,1,0
1,11,2,90,88,1,1,6,0,0,1,0,1,0,0,0,0,0
1,9,2,100,78,0,1,2,0,0,1,0,0,0,1,0,0,0
0,12,3,91,81,0,1,4,0,0,0,0,0,0,0,1,0,0
0,9,4,78,66,0,0,2,0,0,0,0,0,0,1,0,1,0
1,10,1,89,86,0,1,3,0,1,0,0,1,0,0,0,1,0
1,10,3,100,74,0,1,2,0,0,0,1,0,0,1,0,1,0
1,9,4,74,69,0,0,2,0,0,0,0,0,0,1,0,1,0
0,10,4,93,70,0,1,8,0,0,0,1,1,0,0,0,0,0
0,11,2,69,69,0,1,5,0,0,0,1,0,0,1,0,0,0
1,9,4,90,82,1,0,5,0,0,0,0,1,0,0,0,1,0
0,11,3,85,65,1,1,4,0,0,0,0,0,0,1,0,1,0
1,12,4,89,82,1,1,1,0,1,0,0,0,0,0,0,1,0
1,9,2,63,91,1,1,4,0,0,0,0,0,0,0,1,0,0
0,11,2,76,85,1,1,5,0,0,0,1,0,0,0,0,0,0
0,12,2,95,84,1,1,2,0,1,0,0,0,0,0,0,0,1
1,12,4,71,93,0,1,5,0,1,0,0,0,0,1,1,0,0
0,10,3,81,77,1,1,5,0,1,0,0,1,0,0,0,1,0
0,11,0,89,59,1,1,6,0,1,0,0,0,0,1,0,1,0
0,11,0,69,91,1,1,3,0,0,0,0,1,0,0,0,1,0
1,10,2,100,66,0,1,2,0,1,0,0,0,0,1,0,1,0
0,11,0,73,93,1,1,3,1,0,0,0,1,0,0,0,0,0
1,10,2,79,77,1,1,6,0,0,0,0,0,0,1,0,1,0
0,12,3,96,96,0,1,1,0,0,1,0,0,0,1,1,0,0
1,10,2,71,68,0,1,1,0,1,0,0,1,0,0,0,1,0
0,10,3,75,60,1,1,4,0,0,1,0,1,0,0,0,1,0
1,10,3,84,75,1,1,3,0,1,0,0,0,0,1,0,0,0
1,10,1,82,61,1,1,4,0,1,0,0,0,1,0,0,0,1
0,10,4,95,47,0,1,5,1,0,0,0,0,0,1,0,0,0
0,9,1,70,65,1,1,3,0,0,1,0,0,0,0,0,0,0
0,12,2,70,61,1,1,1,0,1,0,0,0,0,1,1,0,0
0,11,1,87,76,1,1,7,0,1,0,0,0,0,1,0,1,0
1,11,1,86,66,1,0,2,1,1,0,0,0,1,0,0,1,0
1,10,2,100,95,0,1,2,1,0,1,0,1,0,0,0,1,0
0,12,1,93,87,1,1,5,0,0,0,0,0,0,1,0,0,0
1,12,1,93,98,1,1,3,0,0,0,1,1,0,0,1,0,0
1,10,1,75,90,1,1,3,0,0,0,0,0,0,1,0,0,0
0,11,3,90,80,1,0,4,0,0,0,0,1,0,0,0,0,0
0,12,3,71,90,1,1,5,0,0,0,0,1,0,0,0,1,0
0,9,4,82,74,0,1,3,0,1,0,0,0,0,1,1,0,0
0,11,0,90,83,0,1,6,0,0,0,0,0,0,0,1,0,0
1,11,2,96,69,0,1,1,0,0,0,1,1,0,0,0,0,1
0,11,3,74,74,0,1,5,1,0,1,0,0,0,1,1,0,0
0,10,2,87,69,0,1,2,0,1,0,0,1,0,0,0,0,0
1,12,2,93,68,1,1,6,0,0,1,0,1,0,0,0,0,1
1,12,0,100,95,0,1,4,0,0,0,1,0,0,0,1,0,0
0,12,1,91,67,0,1,2,0,0,0,0,0,1,0,1,0,0
1,11,3,87,71,0,1,4,0,0,1,0,0,0,0,0,1,0
0,11,1,78,61,1,1,5,1,0,0,0,0,0,1,0,1,0
1,11,1,84,64,1,1,4,0,1,0,0,0,0,0,1,0,0
0,10,4,99,66,0,1,2,0,0,0,1,0,0,1,0,1,0
1,10,3,89,82,0,1,3,0,0,0,0,1,0,0,1,0,0
0,12,3,92,82,0,1,3,1,0,1,0,1,0,0,0,1,0
0,11,1,93,88,1,1,3,0,0,0,0,0,0,0,1,0,0
1,9,1,85,85,1,1,5,1,0,0,0,0,0,0,1,0,0
1,12,2,95,100,1,1,1,1,0,0,0,1,0,0,0,0,0
1,10,1,71,79,0,1,4,0,0,0,1,1,0,0,1,0,0
0,10,4,82,96,1,1,3,0,0,0,0,1,0,0,0,1,0
1,12,0,91,65,1,1,2,0,0,0,0,0,0,1,0,0,0
0,9,5,100,63,0,1,2,0,1,0,0,0,0,0,0,1,0
1,10,2,93,69,1,1,3,0,0,0,0,1,0,0,0,0,1
1,10,2,85,46,0,1,1,0,0,1,0,1,0,0,0,1,0
0,12,2,78,67,1,1,2,0,0,0,1,1,0,0,1,0,0
1,10,5,72,87,0,1,2,0,0,1,0,0,0,1,0,0,0
0,10,2,82,86,1,1,4,0,1,0,0,0,1,0,0,1,0
1,10,3,90,89,0,1,2,0,0,1,0,1,0,0,1,0,0
1,9,2,78,58,0,1,3,0,0,0,0,1,0,0,0,1,0
1,9,1,100,93,1,1,6,0,0,1,0,0,0,0,0,0,0
0,12,0,71,82,1,1,5,1,0,1,0,1,0,0,0,1,0
0,12,3,90,71,1,1,5,0,0,0,1,0,0,1,0,1,0
0,12,2,88,76,0,1,3,1,0,0,0,0,0,0,0,1,0
0,9,0,82,62,0,1,4,0,1,0,0,1,0,0,1,0,0
1,10,3,100,80,1,1,3,1,0,1,0,1,0,0,0,1,0
1,9,2,94,82,0,0,3,0,0,0,0,1,0,0,1,0,0
1,12,3,91,100,1,0,4,0,0,0,1,0,0,0,0,1,0
1,9,1,89,61,0,1,3,0,0,1,0,1,0,0,0,0,0
1,9,3,75,68,0,1,6,0,0,1,0,1,0,0,0,1,0
0,9,2,94,88,1,1,3,0,0,0,0,1,0,0,0,1,0
1,10,1,85,64,1,1,4,0,0,1,0,1,0,0,0,1,0
0,12,1,82,70,1,1,6,0,0,1,0,1,0,0,0,0,1
0,10,6,89,54,1,1,5,0,0,0,0,0,0,1,0,0,0
1,11,2,95,100,1,1,1,0,1,0,0,0,0,0,0,0,0
1,10,0,66,100,1,1,4,0,0,1,0,0,0,1,0,0,0
1,11,3,76,83,1,1,5,0,0,1,0,0,0,0,0,1,0
1,12,0,85,79,1,1,5,0,0,0,1,1,0,0,0,0,1
0,11,4,74,76,1,1,2,0,1,0,0,0,1,0,0,1,0
1,9,1,87,61,1,0,3,0,0,1,0,1,0,0,0,0,0
1,9,2,75,84,1,1,5,0,0,1,0,0,1,0,0,0,0
1,11,4,82,75,0,1,2,0,0,1,0,1,0,0,0,1,0
0,11,0,82,74,0,1,3,0,0,0,0,0,1,0,0,0,0
1,9,6,73,96,1,1,6,1,0,0,1,1,0,0,1,0,0
0,12,4,87,100,1,1,3,0,0,1,0,0,1,0,0,0,1
1,9,3,88,74,0,1,2,1,0,0,1,1,0,0,0,1,0
1,11,4,95,65,0,1,2,0,0,0,0,1,0,0,1,0,0
0,9,1,82,62,1,1,4,1,0,0,0,1,0,0,0,1,0
1,12,2,97,68,1,1,2,0,0,0,0,1,0,0,0,0,0
0,12,2,85,87,1,0,3,0,0,1,0,1,0,0,0,1,0
1,9,0,78,78,1,1,4,1,1,0,0,1,0,0,0,1,0
1,9,4,80,46,1,0,5,0,0,0,0,1,0,0,1,0,0
0,10,3,78,57,1,1,5,0,0,1,0,1,0,0,1,0,0
1,10,2,83,65,0,1,2,0,0,0,0,1,0,0,0,0,0
0,12,0,93,94,1,1,5,0,1,0,0,0,0,0,1,0,0
0,9,3,73,71,1,1,3,0,0,1,0,1,0,0,0,0,1
1,11,2,90,85,1,1,2,1,0,0,0,1,0,0,0,0,1
1,12,1,85,81,1,1,3,0,0,1,0,0,0,0,1,0,0
0,12,5,92,86,1,1,6,0,1,0,0,0,0,1,0,0,0
1,9,3,99,81,1,1,4,0,0,1,0,0,0,0,0,0,1
0,12,1,99,85,0,1,4,1,0,0,1,0,1,0,0,0,0
0,11,2,80,79,1,1,6,1,1,0,0,0,0,1,0,1,0
1,10,3,86,79,0,1,1,0,0,0,0,1,0,0,0,1,0
1,9,5,95,77,0,1,2,0,0,0,0,0,0,1,0,1,0
0,9,4,74,80,1,1,1,0,0,0,1,1,0,0,0,0,0
1,12,5,82,62,1,1,4,1,0,1,0,0,1,0,0,1,0
0,12,2,74,63,1,1,4,0,1,0,0,1,0,0,1,0,0
1,11,2,70,75,0,1,6,0,0,0,1,1,0,0,1,0,0
0,11,4,75,97,0,1,4,0,0,0,0,0,1,0,0,0,0
1,12,3,95,65,0,1,3,0,0,0,0,1,0,0,1,0,0
0,11,4,74,88,1,1,4,1,0,1,0,0,0,0,0,1,0
1,9,3,90,57,0,1,4,0,0,0,0,0,0,1,0,0,1
0,11,1,90,60,1,1,1,0,0,1,0,0,1,0,0,0,1
1,12,3,71,87,1,0,8,0,1,0,0,1,0,0,0,0,0
0,9,1,90,84,1,1,4,0,0,0,0,0,0,0,0,1,0
1,12,1,90,78,1,1,4,0,1,0,0,0,0,1,0,0,0
1,11,2,74,45,0,1,4,0,1,0,0,1,0,0,0,1,0
1,12,3,69,76,1,1,5,0,0,0,0,1,0,0,0,0,1
1,12,2,91,70,1,1,3,0,1,0,0,1,0,0,1,0,0
0,12,2,92,80,1,1,3,1,0,0,1,1,0,0,0,0,0
1,10,3,89,51,0,0,4,0,0,1,0,0,0,0,1,0,0
0,11,4,91,59,0,1,4,0,0,0,0,1,0,0,1,0,0
1,11,2,84,72,1,0,2,0,0,0,0,1,0,0,0,0,1
0,12,3,99,91,1,1,6,0,0,1,0,0,0,0,0,1,0
0,11,1,91,94,1,1,4,0,0,1,0,0,0,1,0,0,1
1,10,3,95,100,0,1,5,0,1,0,0,1,0,0,1,0,0
0,10,4,87,90,1,1,6,0,0,0,1,1,0,0,0,1,0
1,11,3,85,69,1,1,4,0,0,1,0,1,0,0,0,0,1
0,12,5,76,97,1,0,4,0,0,1,0,0,0,1,0,0,0
0,12,3,71,80,1,1,5,0,0,1,0,1,0,0,0,0,0
1,12,0,91,88,0,1,2,0,1,0,0,1,0,0,1,0,0
1,11,2,86,100,1,1,4,1,0,1,0,0,0,0,0,1,0
0,11,2,74,97,1,1,4,0,1,0,0,0,1,0,1,0,0
0,10,5,85,90,1,1,2,0,0,1,0,0,1,0,0,0,0
0,9,5,77,67,1,1,7,0,0,1,0,1,0,0,0,0,1
1,12,4,100,83,0,1,1,0,1,0,0,1,0,0,1,0,0
0,9,1,100,67,1,1,2,0,0,0,1,1,0,0,0,0,1
0,9,2,88,98,0,1,5,0,1,0,0,0,0,0,1,0,0
0,10,4,89,81,0,1,5,0,0,0,1,1,0,0,0,0,0
0,10,3,90,37,1,0,2,0,0,1,0,0,0,1,0,0,1
0,12,2,87,57,1,1,4,0,1,0,0,1,0,0,0,1,0
1,10,3,82,100,1,1,6,0,0,1,0,0,0,0,1,0,0
1,12,5,80,72,0,1,3,1,0,0,0,0,0,0,1,0,0
1,11,2,80,77,1,1,7,0,1,0,0,1,0,0,0,0,0
1,9,1,73,84,1,1,1,0,1,0,0,1,0,0,0,0,0
1,11,3,76,88,1,1,5,1,0,0,0,1,0,0,0,1,0
0,9,2,87,87,0,1,5,0,0,1,0,1,0,0,0,1,0
1,10,2,89,67,1,1,5,0,0,0,0,1,0,0,0,1,0
1,12,2,82,63,1,1,3,0,0,0,0,1,0,0,0,0,0
0,10,2,69,67,1,1,3,0,0,0,1,1,0,0,1,0,0
0,11,2,82,71,1,1,4,0,0,0,0,0,0,1,0,1,0
0,9,2,89,88,0,1,5,0,1,0,0,1,0,0,1,0,0
1,10,2,72,59,1,1,4,1,0,0,1,1,0,0,0,1,0
0,12,2,81,63,0,1,5,0,0,0,1,0,0,1,0,1,0
0,11,1,80,77,0,0,2,0,0,0,0,0,0,0,1,0,0
0,12,3,79,68,1,1,3,0,0,0,0,0,0,0,0,1,0
1,11,1,84,62,0,1,2,1,0,0,0,0,0,1,1,0,0
1,9,3,67,69,1,1,3,0,0,1,0,0,0,0,1,0,0
1,12,3,86,100,1,1,5,1,0,1,0,0,0,0,0,1,0
0,9,3,74,73,0,0,4,0,0,1,0,0,0,0,0,1,0
0,11,0,84,62,1,1,7,0,1,0,0,0,1,0,0,0,1
1,11,4,79,73,0,1,4,1,0,0,0,1,0,0,0,0,1
1,11,2,100,70,1,1,4,0,0,0,0,1,0,0,0,0,0
0,12,5,93,82,0,1,4,0,0,0,0,1,0,0,0,0,0
1,9,3,88,46,1,0,3,0,0,1,0,1,0,0,0,0,0
1,9,2,93,74,1,1,3,0,0,0,0,1,0,0,0,0,0
0,11,0,84,100,1,1,5,1,0,1,0,0,0,0,0,0,0
0,12,4,84,89,0,1,4,0,0,0,0,1,0,0,0,1,0
0,10,2,67,61,0,1,2,1,0,0,0,0,0,0,0,0,1
0,11,5,82,71,1,1,2,0,0,0,1,0,0,0,0,0,1
0,9,2,100,99,0,1,3,0,0,0,0,1,0,0,0,1,0
1,9,6,83,79,1,0,4,0,1,0,0,1,0,0,0,1,0
1,11,0,99,57,1,1,5,0,1,0,0,1,0,0,0,1,0
0,10,3,74,66,0,1,1,0,0,0,0,1,0,0,0,1,0
1,10,1,78,66,0,0,3,0,1,0,0,1,0,0,1,0,0
0,10,2,93,58,0,1,4,0,1,0,0,1,0,0,0,1,0
1,12,3,97,67,0,1,1,1,0,1,0,0,1,0,0,1,0
1,11,1,82,92,1,1,2,0,1,0,0,1,0,0,1,0,0
0,11,3,79,82,0,1,2,0,0,0,0,1,0,0,1,0,0
1,9,1,91,81,1,1,2,0,0,0,0,0,1,0,0,1,0
1,11,2,76,61,1,0,4,0,0,0,0,1,0,0,0,1,0
0,10,3,97,65,1,1,3,0,0,0,0,1,0,0,0,0,0
0,12,3,64,66,1,1,3,0,1,0,0,1,0,0,0,1,0
1,12,2,75,60,1,1,4,0,0,0,0,1,0,0,1,0,0
0,12,2,87,72,1,1,6,0,0,0,0,1,0,0,0,1,0
0,12,0,63,65,1,1,6,1,0,0,0,0,0,0,1,0,0
1,11,3,57,67,1,1,1,0,0,0,1,0,0,0,0,1,0
1,11,2,98,69,1,0,4,0,0,1,0,1,0,0,1,0,0
1,9,3,86,43,1,1,3,0,0,1,0,1,0,0,0,1,0
0,10,4,87,82,1,1,4,0,0,0,1,1,0,0,0,0,1
0,10,8,64,100,0,1,3,0,0,0,0,0,0,0,0,1,0
0,10,2,87,74,0,1,4,0,0,0,0,1,0,0,0,0,0
0,11,2,79,79,0,1,4,0,0,0,0,1,0,0,0,0,1
1,10,0,92,68,1,1,3,1,0,0,0,0,0,0,1,0,0
1,12,1,80,93,0,1,2,0,0,0,1,0,1,0,0,0,0
0,10,2,88,64,1,1,3,0,1,0,0,1,0,0,0,1,0
1,10,4,91,100,1,1,4,0,0,0,0,1,0,0,0,0,0
0,12,2,91,76,1,1,4,0,0,0,1,0,0,1,0,0,0
1,11,4,77,86,0,1,5,0,1,0,0,0,0,1,1,0,0
0,11,2,84,76,1,1,3,0,0,0,0,1,0,0,0,0,0
0,12,3,83,78,1,1,4,0,0,0,0,1,0,0,0,1,0
1,11,5,94,88,1,1,5,1,0,0,0,0,0,1,0,1,0
0,11,2,76,89,0,1,5,0,0,1,0,1,0,0,0,1,0
0,9,4,99,65,0,1,3,1,0,0,0,0,0,0,1,0,0
1,10,2,68,69,1,1,3,0,1,0,0,1,0,0,0,1,0
1,10,4,80,84,1,1,4,0,1,0,0,1,0,0,0,1,0
1,10,2,88,57,1,1,2,0,0,0,0,1,0,0,1,0,0
1,12,3,55,72,0,1,3,1,0,1,0,1,0,0,0,0,0
1,12,0,97,86,1,1,5,0,1,0,0,0,1,0,0,1,0
1,10,3,100,60,0,1,4,0,0,1,0,0,1,0,1,0,0
1,9,5,94,71,1,0,3,1,1,0,0,0,0,1,0,1,0
0,9,4,73,62,0,1,4,0,0,0,1,1,0,0,1,0,0
0,9,2,79,59,1,1,2,0,1,0,0,1,0,0,0,1,0
0,12,4,82,80,1,1,5,0,1,0,0,0,0,1,1,0,0
1,10,2,66,79,1,0,3,0,0,1,0,1,0,0,1,0,0
1,11,0,84,54,1,1,3,1,0,0,1,1,0,0,0,0,0
1,10,5,94,76,1,1,3,0,0,0,0,0,0,0,0,0,0
1,10,4,76,83,0,1,3,0,0,0,0,0,0,1,0,1,0
0,10,3,87,94,1,1,3,0,0,1,0,0,0,0,0,1,0
1,9,4,87,50,0,1,4,0,1,0,0,1,0,0,0,0,0
1,12,1,83,76,0,1,3,0,0,0,0,1,0,0,0,0,1
1,12,1,100,97,1,1,6,0,1,0,0,0,0,1,0,0,0
0,11,3,85,71,0,1,6,1,0,0,0,1,0,0,1,0,0
1,12,1,85,78,0,1,2,0,1,0,0,1,0,0,0,1,0
1,9,1,88,72,1,1,4,0,0,0,0,0,0,1,0,1,0
0,11,0,76,68,0,1,3,0,1,0,0,1,0,0,0,0,0
1,9,5,90,54,1,1,3,0,0,0,0,1,0,0,0,0,0
1,11,3,69,91,1,1,7,0,0,0,0,0,0,0,0,0,0
0,11,2,84,94,0,1,3,0,0,0,0,1,0,0,0,0,0
0,11,1,71,66,1,0,4,0,0,0,1,1,0,0,1,0,0
1,12,4,69,32,1,1,4,0,0,0,0,1,0,0,1,0,0
1,11,2,90,93,1,1,2,0,0,0,0,1,0,0,0,0,0
0,11,2,80,92,0,1,2,1,0,1,0,1,0,0,0,0,1
1,9,0,81,77,0,1,2,0,0,1,0,1,0,0,0,0,0
1,9,3,79,75,1,1,2,0,1,0,0,1,0,0,0,1,0
0,9,0,78,81,0,1,1,0,1,0,0,0,0,1,0,0,0
1,9,1,85,81,0,1,4,0,0,1,0,1,0,0,0,0,0
0,9,2,86,60,1,1,7,0,1,0,0,0,0,0,0,0,0
1,9,2,91,77,1,1,4,0,0,1,0,0,0,1,0,1,0
0,11,2,87,85,0,1,1,0,0,1,0,1,0,0,0,1,0
1,12,0,96,69,0,1,3,0,0,0,0,0,0,0,0,1,0
0,10,3,96,54,0,1,3,0,1,0,0,1,0,0,0,0,0
1,10,1,82,63,1,1,2,1,0,1,0,1,0,0,1,0,0
1,10,5,76,66,1,1,5,1,1,0,0,0,0,0,1,0,0
0,11,3,72,69,1,1,5,0,0,1,0,1,0,0,0,0,0
1,9,3,81,73,1,1,2,0,0,1,0,0,1,0,0,0,0
1,11,2,69,79,1,1,5,0,0,1,0,1,0,0,0,1,0
0,11,5,85,78,0,1,6,0,0,0,1,0,0,0,0,0,1
1,12,4,72,100,1,1,6,0,0,0,1,1,0,0,0,1,0
0,10,3,100,64,0,1,8,1,0,0,0,0,0,0,0,1,0
1,11,5,92,83,1,1,2,0,0,0,0,0,0,0,0,1,0
0,11,3,82,93,1,1,8,0,0,1,0,0,0,1,0,0,0
0,10,3,65,58,1,1,3,1,0,1,0,0,0,1,0,1,0
0,12,2,88,74,1,1,3,0,0,0,1,0,0,1,1,0,0
0,9,4,65,77,1,1,4,1,0,0,0,1,0,0,0,0,0
1,10,0,92,73,0,1,3,0,0,1,0,1,0,0,0,1,0
0,9,3,76,94,0,1,4,0,0,1,0,0,0,0,0,0,1
0,9,4,90,73,1,1,2,1,0,0,0,1,0,0,0,0,1
0,9,3,77,87,1,1,3,1,0,0,0,0,0,0,0,1,0
0,11,5,95,64,0,1,5,1,1,0,0,1,0,0,0,0,0
1,10,3,72,83,1,1,3,1,0,0,0,0,0,0,0,0,1
1,11,3,66,57,1,1,4,0,1,0,0,0,0,0,0,0,0
1,11,2,81,56,1,1,4,0,1,0,0,0,0,0,0,1,0
1,12,3,87,72,0,1,5,0,0,1,0,1,0,0,0,1,0
1,12,1,95,99,1,1,1,0,0,0,0,1,0,0,0,0,0
0,12,2,78,82,1,1,4,0,1,0,0,1,0,0,0,1,0
0,12,2,83,86,0,1,3,0,1,0,0,1,0,0,0,0,0
1,12,0,98,76,1,1,4,0,0,0,0,1,0,0,0,1,0
0,12,2,84,74,1,1,5,0,0,0,1,1,0,0,0,1,0
0,9,0,99,75,1,1,2,0,0,1,0,1,0,0,0,1,0
1,9,3,94,59,0,1,2,0,0,1,0,1,0,0,1,0,0
1,11,3,82,87,1,1,1,0,0,0,0,0,0,1,1,0,0
1,11,0,84,65,0,1,3,0,1,0,0,1,0,0,0,0,1
0,11,3,89,64,0,1,6,0,1,0,0,1,0,0,1,0,0
0,11,1,83,61,1,1,3,0,0,0,0,1,0,0,0,0,1
0,10,4,81,31,0,0,1,0,0,0,0,0,0,1,1,0,0
1,9,2,74,50,1,1,3,0,0,1,0,0,0,1,0,0,0
0,12,1,86,94,1,0,1,0,1,0,0,0,0,1,0,0,0
1,12,3,78,81,1,0,2,0,0,1,0,0,0,0,0,0,1
0,10,2,78,57,1,1,4,0,0,0,1,0,0,1,0,0,0
0,12,0,81,77,1,1,2,1,0,0,0,1,0,0,0,1,0
1,12,2,80,60,1,1,5,0,1,0,0,0,0,0,1,0,0
1,11,3,71,86,1,1,3,0,0,0,0,1,0,0,0,1,0
0,11,1,77,52,0,1,4,1,0,0,0,1,0,0,0,1,0
0,11,2,94,82,1,0,3,0,1,0,0,0,0,0,0,1,0
1,10,4,90,58,0,1,5,0,0,0,1,0,0,0,0,0,0
0,12,2,77,94,1,1,5,0,0,1,0,1,0,0,0,0,1
1,12,1,93,88,1,1,4,1,0,1,0,1,0,0,0,0,1
1,10,5,80,85,1,1,4,1,0,1,0,0,0,1,0,0,0
0,12,6,78,51,1,1,3,0,0,1,0,0,1,0,0,0,0
1,11,0,92,46,1,1,4,0,1,0,0,1,0,0,0,0,1
0,11,2,89,77,0,1,3,0,0,1,0,1,0,0,0,0,0
0,11,3,87,94,0,1,4,0,0,1,0,1,0,0,0,0,0
0,12,1,78,63,0,1,3,0,1,0,0,0,0,1,1,0,0
1,10,4,94,81,1,1,3,0,0,1,0,0,0,1,0,0,0
1,10,4,73,100,0,1,2,0,1,0,0,0,0,0,0,1,0
1,12,5,92,100,1,1,4,0,0,0,0,0,1,0,0,1,0
0,9,0,79,63,1,1,5,0,1,0,0,1,0,0,0,1,0
1,12,4,74,86,0,1,5,0,0,0,0,0,0,0,0,0,1
0,12,5,91,79,0,1,2,0,0,1,0,0,0,0,0,0,0
1,9,1,76,93,1,1,5,0,1,0,0,1,0,0,0,0,1
0,12,4,84,68,1,1,3,0,0,0,0,0,0,1,0,0,0
0,12,0,74,100,1,1,4,0,1,0,0,0,0,1,0,0,0
1,12,1,86,90,0,1,2,0,0,1,0,1,0,0,0,1,0
0,11,1,86,89,1,1,4,1,0,0,1,1,0,0,0,1,0
1,9,3,100,49,0,1,4,0,0,0,0,1,0,0,0,1,0
0,10,4,83,86,1,1,1,1,0,0,0,0,1,0,0,1,0
1,11,3,77,78,1,1,4,0,0,0,0,1,0,0,0,0,0
0,12,0,91,79,1,0,6,0,0,0,0,1,0,0,1,0,0
0,10,3,95,80,1,1,3,1,0,1,0,1,0,0,0,0,0
1,12,3,76,64,1,1,6,0,0,0,1,1,0,0,0,1,0
1,10,4,99,71,0,1,3,0,0,1,0,1,0,0,0,1,0
0,10,3,75,92,0,1,5,0,0,0,0,1,0,0,0,1,0
1,11,4,100,61,0,1,1,0,0,0,0,1,0,0,0,0,0
0,12,2,87,84,0,1,7,0,1,0,0,0,1,0,0,1,0
1,11,2,76,88,0,1,6,1,1,0,0,1,0,0,0,0,1
0,11,4,75,95,1,1,3,0,0,1,0,1,0,0,0,0,1
0,9,4,86,76,0,0,1,0,1,0,0,0,0,1,0,0,0
1,10,3,76,75,1,1,4,0,0,0,1,0,0,0,0,0,0
1,12,0,93,51,1,1,1,0,0,1,0,0,0,0,0,1,0
1,9,5,81,71,1,1,4,0,0,0,0,1,0,0,1,0,0
0,12,2,82,96,1,1,4,1,0,0,1,1,0,0,0,0,0
1,11,0,97,80,1,1,2,0,1,0,0,1,0,0,1,0,0
1,9,1,74,100,0,1,5,0,0,0,0,1,0,0,1,0,0
0,10,1,73,92,1,1,5,0,1,0,0,0,0,1,1,0,0
0,9,3,75,78,1,1,5,0,1,0,0,1,0,0,1,0,0
1,12,1,96,90,1,1,4,0,0,1,0,1,0,0,0,0,0
1,10,3,88,100,1,1,1,0,0,0,0,1,0,0,0,0,1
1,12,3,73,81,1,1,5,0,0,0,0,0,0,1,0,1,0
0,10,6,74,69,1,1,3,0,0,1,0,0,1,0,0,1,0
1,11,3,84,60,1,1,1,0,0,0,0,0,0,0,1,0,0
0,9,4,100,77,1,1,6,0,0,0,1,0,0,0,1,0,0
1,10,1,69,78,0,1,7,0,0,1,0,1,0,0,0,1,0
1,11,4,89,74,0,1,3,0,0,0,0,1,0,0,0,0,0
1,9,2,74,87,1,1,7,1,0,0,1,1,0,0,0,0,0
0,10,4,69,98,1,1,4,1,0,0,0,0,1,0,0,0,1
1,12,3,98,54,1,1,3,0,1,0,0,1,0,0,0,1,0
1,9,0,83,82,0,1,3,1,0,0,0,0,0,0,0,1,0
1,10,5,92,71,1,1,6,0,0,0,0,1,0,0,1,0,0
0,12,1,97,60,1,1,2,1,0,1,0,0,1,0,0,1,0
0,11,5,82,98,0,1,5,0,0,1,0,0,0,0,1,0,0
1,12,4,83,67,1,1,3,0,0,1,0,1,0,0,0,1,0
0,10,2,89,76,1,1,3,0,0,0,0,1,0,0,1,0,0
0,12,2,83,76,1,1,5,0,0,0,0,0,0,1,0,0,0
1,9,0,89,60,0,1,3,0,0,0,0,1,0,0,1,0,0
0,11,1,68,48,0,1,3,0,0,0,0,1,0,0,0,1,0
0,10,0,77,100,0,1,5,1,0,0,1,1,0,0,0,0,0
0,10,2,86,81,1,1,6,0,0,0,0,0,1,0,0,0,0
0,10,3,84,57,1,1,4,0,0,0,0,1,0,0,1,0,0
1,11,5,100,49,0,1,3,0,0,0,0,1,0,0,0,0,1
1,9,1,82,60,0,1,3,0,0,0,0,0,1,0,0,1,0
1,10,3,77,100,1,1,4,1,0,0,1,0,0,0,0,0,0
0,10,4,87,90,0,1,4,0,1,0,0,1,0,0,0,1,0
0,12,4,79,62,1,1,2,0,0,0,0,1,0,0,1,0,0
0,9,3,93,77,1,0,5,0,0,0,0,1,0,0,0,0,0
1,9,0,76,73,0,1,4,1,0,0,1,0,0,0,0,1,0
0,9,2,100,54,1,1,1,0,0,0,0,1,0,0,1,0,0
0,12,3,99,100,0,1,2,0,0,1,0,1,0,0,0,1,0
1,11,2,89,83,1,1,3,0,0,0,0,1,0,0,1,0,0
0,9,3,84,81,1,1,3,0,0,0,1,0,0,1,0,1,0
1,9,0,91,76,0,1,6,0,0,1,0,1,0,0,0,0,0
1,10,2,100,64,0,1,4,1,0,0,0,0,0,0,0,1,0
1,12,2,100,62,1,1,2,0,0,1,0,1,0,0,0,1,0
0,12,2,83,87,1,0,4,1,0,1,0,1,0,0,0,0,0
1,10,3,72,67,0,1,3,1,0,1,0,1,0,0,0,0,0
0,10,2,84,81,1,1,4,0,0,0,0,1,0,0,0,0,1
0,11,3,67,90,0,1,4,0,0,0,0,0,0,1,0,1,0
0,12,3,98,81,0,1,5,0,0,1,0,1,0,0,1,0,0
0,10,4,89,95,1,1,3,0,0,0,0,0,0,0,0,0,1
0,11,3,84,100,1,1,6,0,0,0,1,1,0,0,0,1,0
0,9,4,90,55,1,1,5,0,0,1,0,0,0,1,1,0,0
1,10,1,87,77,0,0,2,0,0,0,1,1,0,0,0,0,0
0,10,2,86,98,1,1,7,0,1,0,0,1,0,0,0,1,0
0,10,4,73,73,1,1,4,0,1,0,0,1,0,0,1,0,0
1,10,1,81,68,1,1,2,0,0,0,0,0,0,1,1,0,0
1,10,2,72,73,1,1,6,0,0,0,0,1,0,0,0,0,0
0,10,2,55,100,1,1,7,0,0,1,0,1,0,0,0,0,0
0,10,4,81,75,1,1,3,0,0,0,0,0,0,1,0,0,0
1,11,1,100,100,0,1,3,0,1,0,0,0,0,1,0,1,0
0,9,3,95,77,0,1,3,0,0,1,0,0,0,1,0,1,0
0,11,0,80,76,0,1,5,1,0,0,1,1,0,0,0,1,0
1,10,2,82,73,1,1,5,1,0,1,0,0,0,1,0,0,0
1,12,2,85,59,1,1,4,1,1,0,0,1,0,0,0,0,0
0,10,1,72,89,0,1,4,0,0,0,0,1,0,0,0,1,0
1,9,0,96,95,1,1,6,1,0,1,0,0,0,1,0,1,0
0,9,2,58,69,0,1,3,0,1,0,0,0,0,0,0,1,0
0,10,2,74,67,0,1,5,0,1,0,0,0,1,0,0,1,0
1,12,5,91,61,1,1,3,0,0,0,0,1,0,0,0,0,0
0,10,0,81,71,0,1,4,0,0,1,0,1,0,0,0,0,0
1,12,3,79,82,0,1,3,0,0,0,0,1,0,0,0,0,0
1,10,5,93,74,1,1,3,0,1,0,0,1,0,0,0,0,0
0,9,2,81,92,1,1,3,0,1,0,0,1,0,0,0,0,1
0,11,2,85,75,1,1,6,0,1,0,0,1,0,0,0,0,0
1,11,2,71,79,1,1,2,0,1,0,0,1,0,0,0,0,1
0,10,2,90,66,1,1,2,0,0,0,0,0,0,1,0,0,0
1,10,4,76,100,1,1,7,0,0,1,0,0,0,0,0,1,0
1,9,0,89,82,0,1,5,1,0,1,0,0,0,0,0,0,0
1,11,1,89,94,1,1,1,0,1,0,0,1,0,0,0,1,0
1,11,0,90,37,1,1,3,0,0,0,0,0,1,0,0,1,0
1,10,1,100,66,0,1,1,0,1,0,0,1,0,0,0,1,0
0,12,1,83,100,1,1,2,0,0,1,0,0,0,1,1,0,0
1,12,0,74,97,0,1,1,0,0,0,0,1,0,0,0,0,1
1,11,5,83,56,1,1,3,1,1,0,0,0,0,0,0,1,0
0,9,6,100,85,1,1,2,1,0,0,0,0,0,1,1,0,0
1,12,1,84,72,1,1,4,1,0,1,0,1,0,0,1,0,0
0,9,3,99,88,0,1,1,1,1,0,0,0,0,1,0,0,0
0,10,1,98,79,1,1,4,1,0,0,1,1,0,0,0,0,0
1,11,4,99,58,0,1,3,0,0,0,0,1,0,0,0,0,0
1,10,2,79,51,1,1,6,0,1,0,0,0,0,1,0,1,0
1,9,3,100,47,1,1,6,0,1,0,0,1,0,0,0,1,0
0,12,2,91,76,1,1,5,0,0,0,0,0,0,0,0,0,0
0,11,2,72,78,0,1,3,1,0,0,0,1,0,0,0,1,0
0,9,1,63,92,0,1,6,0,0,1,0,0,0,1,0,1,0
1,11,4,85,78,1,0,1,0,1,0,0,1,0,0,0,1,0
0,10,4,87,88,1,1,1,0,1,0,0,1,0,0,1,0,0
1,12,2,98,79,1,1,3,0,1,0,0,0,0,0,0,1,0
0,11,3,72,79,1,1,7,0,0,0,0,0,0,0,0,0,1
1,10,1,78,62,1,1,3,0,0,0,1,1,0,0,0,1,0
1,12,1,100,94,0,1,3,0,0,0,1,0,0,1,0,0,0
1,10,5,72,76,0,0,1,0,0,0,0,1,0,0,0,1,0
1,10,1,78,61,1,1,5,0,0,0,0,0,0,1,1,0,0
1,11,4,81,91,1,1,5,0,0,0,1,1,0,0,1,0,0
0,11,3,100,52,0,1,5,0,0,0,0,0,0,1,0,1,0
0,10,4,96,60,0,1,3,0,0,1,0,0,0,0,0,0,0
1,9,4,88,71,1,1,2,0,0,1,0,1,0,0,0,0,0
0,10,1,77,100,1,1,2,0,0,0,0,0,0,0,0,1,0
1,11,3,92,63,1,0,4,1,1,0,0,1,0,0,0,0,0
1,12,1,95,54,1,1,2,0,0,1,0,1,0,0,0,1,0
0,12,2,85,76,1,0,2,1,0,0,0,0,0,0,0,0,1
1,9,2,88,85,1,1,3,0,0,0,0,0,0,1,0,0,0
0,12,4,75,70,0,1,3,0,1,0,0,1,0,0,0,0,0
1,10,4,93,54,1,1,3,0,1,0,0,0,0,1,1,0,0
0,12,3,65,75,1,1,4,0,0,1,0,0,0,1,0,1,0
1,12,5,75,62,1,1,4,1,0,0,0,0,1,0,0,0,0
0,11,4,69,65,0,1,3,0,0,0,0,0,0,1,0,0,1
1,9,3,78,71,0,1,4,1,0,0,0,0,0,1,0,1,0
1,10,4,89,79,1,1,2,0,0,0,0,1,0,0,0,0,0
1,12,2,88,73,1,1,4,0,0,0,0,1,0,0,0,1,0
1,10,3,80,72,0,0,4,0,0,0,0,1,0,0,1,0,0
0,11,1,84,62,1,1,1,0,0,0,0,1,0,0,0,1,0
1,10,1,87,78,1,1,5,1,0,0,0,1,0,0,0,1,0
1,9,4,80,81,1,1,2,0,1,0,0,1,0,0,0,1,0
1,12,3,89,62,1,1,4,1,0,0,0,1,0,0,1,0,0
1,12,3,88,75,1,1,5,1,0,0,0,1,0,0,1,0,0
1,12,0,86,100,0,1,5,1,1,0,0,1,0,0,0,1,0
1,9,2,77,80,0,1,4,0,1,0,0,1,0,0,0,0,0
0,9,3,96,56,1,1,3,0,0,0,0,1,0,0,0,1,0
1,12,4,90,72,0,1,5,1,0,0,0,0,1,0,0,0,0
1,11,3,95,88,1,1,5,1,0,0,0,1,0,0,0,1,0
1,10,1,93,74,1,1,3,0,0,0,1,0,0,0,0,1,0
1,12,3,85,72,1,1,2,0,0,0,0,1,0,0,0,0,0
0,11,4,84,58,0,1,1,0,0,1,0,0,0,0,0,0,0
1,10,2,86,93,1,1,4,0,1,0,0,1,0,0,0,1,0
1,12,3,76,100,1,1,3,0,0,0,0,1,0,0,1,0,0
1,12,3,97,72,0,0,5,0,1,0,0,1,0,0,0,1,0
0,12,3,93,93,0,1,4,0,0,0,0,0,1,0,0,1,0
1,10,4,93,70,0,1,6,0,0,0,1,0,0,0,0,0,0
1,9,2,88,88,1,1,2,0,1,0,0,0,1,0,0,1,0
0,9,2,95,96,1,1,5,0,1,0,0,0,1,0,0,1,0
0,11,1,76,72,1,1,3,0,0,0,1,0,1,0,0,1,0
0,10,3,79,95,1,1,5,0,1,0,0,0,0,0,0,0,1
1,12,3,85,53,0,0,1,0,0,1,0,1,0,0,0,1,0
1,9,1,87,43,1,1,4,0,0,1,0,1,0,0,0,0,0
0,9,4,83,100,1,1,1,1,0,1,0,0,0,1,0,0,0
1,11,6,83,73,0,1,3,1,0,0,0,0,0,0,1,0,0
0,11,4,100,50,1,1,4,0,0,0,0,1,0,0,0,0,0
1,9,0,78,83,1,1,3,0,1,0,0,1,0,0,0,0,0
1,12,3,95,57,0,1,2,0,0,1,0,1,0,0,0,1,0
0,12,0,93,62,0,1,5,0,0,1,0,1,0,0,1,0,0
0,10,0,86,86,0,1,3,0,0,1,0,1,0,0,0,1,0
0,12,2,80,72,1,1,3,1,0,1,0,0,0,1,0,1,0
1,11,2,71,64,1,1,4,0,0,0,1,0,1,0,1,0,0
1,12,3,88,77,0,1,7,0,0,1,0,0,0,0,0,0,0
1,12,1,83,42,1,1,5,1,0,0,0,1,0,0,0,0,0
1,9,3,99,52,1,1,5,1,0,1,0,1,0,0,0,0,0
0,9,2,88,93,0,1,4,1,0,0,0,1,0,0,1,0,0
0,9,2,78,45,1,1,4,0,1,0,0,1,0,0,0,0,1
0,9,3,100,79,0,1,1,0,0,1,0,0,0,0,0,0,0
0,12,2,88,74,1,1,2,0,0,0,1,1,0,0,0,1,0
1,12,1,93,78,1,1,3,0,1,0,0,1,0,0,0,1,0
0,12,3,75,94,1,1,1,1,0,1,0,1,0,0,0,1,0
1,11,4,79,90,0,0,2,0,0,0,0,1,0,0,0,1,0
1,10,2,77,63,1,1,1,0,0,0,0,1,0,0,0,0,0
0,9,0,89,47,1,1,3,0,0,0,1,0,0,0,0,1,0
1,11,1,64,73,0,1,5,0,0,0,1,1,0,0,0,1,0
1,12,2,81,59,0,0,5,0,1,0,0,0,0,0,1,0,0
0,11,1,89,66,0,1,4,0,0,1,0,0,0,0,0,0,0
1,12,3,76,77,1,0,2,0,0,0,1,1,0,0,1,0,0
0,10,4,90,68,1,0,1,0,0,0,0,0,0,0,0,1,0
0,9,3,82,75,0,1,1,0,0,1,0,0,0,1,0,0,1
0,9,2,83,78,0,1,2,1,0,1,0,0,0,1,0,1,0
1,10,1,74,54,1,0,2,0,0,0,0,1,0,0,0,0,1
0,11,0,72,77,1,1,3,0,1,0,0,0,0,1,1,0,0
1,10,1,90,75,0,1,2,0,0,1,0,1,0,0,1,0,0
1,9,0,91,87,1,1,4,0,0,0,0,0,1,0,0,0,0
1,11,1,89,62,0,1,3,0,0,0,0,0,1,0,0,0,0
0,9,3,72,48,1,1,4,1,0,0,0,1,0,0,0,0,0
1,11,2,83,69,1,1,5,0,1,0,0,0,0,0,0,0,0
0,12,1,81,79,0,1,2,0,0,1,0,0,0,0,0,0,0
1,11,2,86,64,1,1,4,0,1,0,0,0,0,1,0,0,0
1,10,4,73,82,1,1,3,1,0,0,0,1,0,0,0,1,0
0,10,4,89,71,1,1,3,1,0,0,1,0,0,1,0,0,0
1,10,2,95,53,1,1,5,1,1,0,0,1,0,0,1,0,0
0,12,1,81,93,0,1,5,0,1,0,0,0,1,0,1,0,0
1,9,3,75,70,0,1,2,0,0,0,0,0,1,0,0,1,0
0,10,2,77,89,0,1,3,0,0,1,0,0,0,1,1,0,0
0,11,0,100,87,1,0,4,0,0,0,0,0,0,1,0,0,0
1,12,4,80,72,1,1,3,0,0,0,0,0,1,0,0,0,1
0,9,0,79,82,1,1,4,0,0,0,0,1,0,0,0,1,0
0,12,4,73,69,0,0,4,0,1,0,0,0,0,0,0,1,0
0,11,2,71,83,0,0,6,0,0,0,0,1,0,0,0,1,0
0,11,1,83,68,0,1,1,0,0,0,0,0,1,0,1,0,0
0,9,1,84,71,1,1,3,0,0,0,0,1,0,0,1,0,0
1,11,2,77,79,1,1,2,0,0,1,0,1,0,0,0,1,0
1,9,5,86,89,1,1,4,0,0,0,0,1,0,0,0,1,0
1,11,0,86,58,1,1,1,0,0,0,0,0,1,0,0,0,1
0,12,0,77,92,1,1,4,0,0,0,0,1,0,0,0,0,0
1,10,4,87,52,0,1,3,1,0,0,1,1,0,0,0,1,0
0,10,2,88,77,1,1,2,1,0,1,0,1,0,0,0,1,0
0,11,0,76,74,1,1,1,0,0,0,0,0,0,0,0,1,0
1,12,3,63,72,1,0,3,1,1,0,0,1,0,0,0,0,0
0,9,3,93,85,0,1,5,0,0,1,0,0,0,0,0,1,0
0,9,3,77,46,1,0,3,0,0,0,0,1,0,0,0,0,0
0,11,2,95,95,0,0,4,0,0,0,0,1,0,0,0,1,0
1,10,4,89,80,0,1,6,0,0,1,0,0,0,1,0,0,0
1,10,2,83,100,1,1,4,0,0,1,0,1,0,0,0,0,1
0,12,1,100,70,0,1,3,1,0,1,0,1,0,0,0,0,0
1,11,4,70,83,1,1,4,1,0,0,0,1,0,0,0,0,0
0,12,1,70,78,1,1,3,0,0,1,0,0,0,1,1,0,0
1,9,4,76,52,0,1,3,0,0,1,0,1,0,0,0,0,1
1,11,2,84,83,0,0,1,0,1,0,0,0,0,1,0,0,0
1,9,4,84,100,1,1,5,1,0,1,0,0,0,1,0,1,0
0,9,3,81,50,1,1,3,0,0,0,1,0,0,1,0,1,0
1,12,2,81,89,1,1,4,0,0,1,0,1,0,0,0,0,1
0,12,3,73,77,1,1,2,1,0,0,0,1,0,0,0,0,1
1,10,4,100,88,1,0,4,1,0,0,0,0,0,0,1,0,0
0,11,4,85,80,1,1,2,0,0,1,0,0,0,0,0,1,0
1,10,4,71,69,1,1,3,0,1,0,0,1,0,0,0,0,0
1,12,1,88,93,0,1,5,0,0,1,0,0,0,1,0,1,0
1,9,2,61,68,1,1,5,0,1,0,0,0,0,1,0,0,0
0,12,4,90,81,1,1,3,0,0,1,0,1,0,0,0,0,0
0,12,2,72,82,1,1,1,0,0,0,0,0,0,0,0,1,0
0,9,1,100,83,0,1,8,0,0,0,0,0,0,1,1,0,0
1,11,2,78,73,1,0,6,0,0,0,0,1,0,0,0,0,0
0,9,2,96,77,1,0,5,1,0,0,1,1,0,0,1,0,0
0,9,1,100,75,1,1,2,0,0,0,0,0,0,1,0,0,0
1,10,4,78,80,0,1,3,0,0,1,0,1,0,0,0,0,0
0,12,3,66,100,1,1,3,0,0,0,0,1,0,0,0,0,1
1,10,4,81,58,0,1,5,0,0,0,0,1,0,0,0,0,0
1,11,3,85,80,0,1,4,0,0,1,0,0,0,1,1,0,0
1,12,3,90,96,0,1,2,0,0,0,0,0,0,1,0,1,0
0,12,3,74,95,0,1,3,0,0,0,0,0,0,1,0,0,1
0,11,5,100,58,1,1,5,0,1,0,0,1,0,0,1,0,0
0,11,3,64,83,1,1,6,0,1,0,0,1,0,0,1,0,0
1,9,2,100,63,0,1,6,0,0,1,0,0,0,0,0,1,0
1,11,0,80,45,1,1,5,0,0,0,0,0,0,0,1,0,0
1,11,4,64,75,1,1,3,0,0,0,0,1,0,0,0,0,0
0,11,0,81,99,0,0,1,1,1,0,0,0,0,0,1,0,0
1,10,3,76,74,1,1,4,0,0,1,0,1,0,0,0,1,0
1,11,3,89,54,1,1,4,0,0,1,0,0,0,0,1,0,0
1,9,3,57,65,1,1,4,0,0,0,0,0,1,0,0,1,0
1,10,2,91,75,1,1,4,1,0,1,0,1,0,0,0,0,0
0,12,0,75,77,0,1,2,1,1,0,0,1,0,0,0,1,0
1,10,2,79,67,1,1,4,0,0,0,0,0,0,1,0,0,0
1,11,4,79,73,1,1,4,0,0,1,0,0,0,0,0,0,0
1,12,6,70,47,1,1,5,0,0,0,0,1,0,0,0,0,0
1,12,4,78,70,0,1,5,0,0,1,0,1,0,0,1,0,0
0,10,1,82,98,0,1,4,1,0,0,0,1,0,0,0,0,0
0,12,4,93,53,1,1,3,1,0,0,0,1,0,0,0,1,0
1,9,1,56,62,0,1,3,0,0,0,1,1,0,0,0,0,0
0,11,4,90,71,1,1,4,1,0,0,0,0,0,0,1,0,0
1,11,2,78,78,0,1,4,0,0,1,0,1,0,0,0,0,0
1,10,4,68,79,1,1,5,0,0,0,0,1,0,0,0,1,0
1,11,4,80,85,0,1,4,1,0,0,0,1,0,0,1,0,0
1,9,7,83,80,1,1,7,0,0,0,0,1,0,0,0,1,0
0,11,1,86,81,1,1,7,1,1,0,0,0,0,0,0,0,0
1,9,3,74,78,1,1,4,1,1,0,0,0,1,0,0,1,0
1,9,5,89,89,0,0,1,0,0,1,0,0,0,0,1,0,0
1,12,2,92,79,1,1,5,0,0,1,0,0,0,1,0,1,0
1,9,1,88,60,0,1,3,0,0,1,0,0,0,0,0,0,0
0,9,2,86,79,1,1,2,0,0,1,0,0,0,1,1,0,0
0,12,1,95,83,1,1,3,0,0,1,0,1,0,0,0,0,0
0,11,1,69,72,1,1,3,0,1,0,0,0,1,0,0,1,0
1,12,2,86,69,0,1,4,0,0,0,0,0,0,1,1,0,0
0,11,0,81,70,1,1,1,0,1,0,0,0,1,0,0,0,0
1,12,3,78,100,0,1,2,0,1,0,0,1,0,0,0,1,0
1,12,0,98,71,0,1,4,1,1,0,0,1,0,0,0,1,0
0,11,4,85,92,0,1,4,1,1,0,0,0,1,0,1,0,0
0,12,2,74,96,1,1,4,0,1,0,0,1,0,0,0,0,0
1,9,2,87,93,0,1,2,0,0,1,0,0,0,0,0,1,0
0,12,1,90,66,0,1,2,0,0,0,0,1,0,0,1,0,0
0,12,2,85,52,1,1,3,0,0,0,0,0,0,1,0,0,1
1,10,1,98,88,0,1,4,0,1,0,0,0,0,1,0,0,0
0,9,2,87,70,1,0,6,0,0,0,0,0,0,1,1,0,0
0,11,5,82,78,1,1,1,0,0,1,0,1,0,0,0,0,0
1,11,4,77,98,1,1,3,0,0,0,0,0,0,1,1,0,0
1,12,0,100,69,1,1,2,0,0,1,0,0,0,0,0,0,0
1,10,2,66,68,1,1,1,0,0,0,0,0,0,1,0,0,0
1,11,1,78,72,1,1,5,1,0,1,0,0,0,1,0,1,0
0,12,4,87,79,0,1,4,0,1,0,0,1,0,0,0,1,0
1,10,1,76,100,1,1,4,0,1,0,0,0,1,0,0,1,0
1,12,1,100,71,1,1,5,0,0,0,0,1,0,0,0,1,0
0,12,3,95,94,1,1,3,1,0,0,0,0,0,1,1,0,0
0,9,2,81,74,1,1,3,0,1,0,0,0,1,0,0,0,0
1,12,3,93,75,0,1,7,0,1,0,0,0,0,1,0,1,0
0,10,3,100,80,1,1,3,1,0,1,0,0,0,0,0,0,0
1,9,3,69,35,0,1,5,0,0,1,0,1,0,0,0,1,0
1,12,3,84,67,1,1,4,0,0,0,1,1,0,0,0,0,0
1,10,3,84,91,0,1,1,0,1,0,0,1,0,0,0,0,0
0,9,3,77,89,1,1,1,1,0,0,0,0,0,0,0,1,0
1,9,2,90,67,1,1,3,0,1,0,0,1,0,0,0,0,1
1,9,2,85,75,0,1,5,0,0,1,0,1,0,0,0,0,1
0,11,3,82,47,1,1,5,0,1,0,0,1,0,0,0,1,0
1,11,2,92,70,0,1,5,0,0,1,0,1,0,0,0,1,0
1,10,2,94,64,0,1,2,0,0,0,0,0,0,0,1,0,0
1,12,0,83,67,1,1,6,1,1,0,0,1,0,0,0,1,0
1,12,1,83,82,1,1,2,1,1,0,0,1,0,0,0,0,1
1,9,2,88,100,1,1,4,0,0,1,0,1,0,0,0,1,0
0,10,2,87,67,0,1,3,1,1,0,0,1,0,0,0,0,1
1,9,1,79,67,0,1,3,0,1,0,0,0,1,0,0,1,0
0,12,3,100,64,1,0,6,0,0,1,0,1,0,0,1,0,0
0,10,2,84,80,1,1,2,0,1,0,0,1,0,0,0,1,0
0,12,3,97,38,1,1,1,1,1,0,0,0,0,0,0,1,0
1,10,0,80,91,0,1,4,0,0,1,0,1,0,0,0,0,0
1,11,0,54,83,1,1,3,0,0,0,0,0,1,0,0,1,0
1,10,3,74,60,1,1,9,1,1,0,0,1,0,0,1,0,0
1,11,1,86,65,0,1,5,1,0,0,1,0,0,1,0,0,0
1,12,3,56,62,1,1,3,0,0,1,0,1,0,0,0,0,0
0,9,1,82,66,1,1,2,1,1,0,0,1,0,0,0,1,0
0,12,4,66,75,0,1,1,0,1,0,0,1,0,0,0,1,0
1,9,3,100,67,0,1,2,1,0,1,0,0,0,0,0,0,0
0,11,3,66,39,1,1,4,0,0,0,0,0,0,1,1,0,0
0,9,4,84,92,1,1,6,0,1,0,0,0,1,0,0,0,1
1,10,0,90,100,1,1,5,0,0,1,0,1,0,0,0,0,0
1,9,3,87,75,1,1,4,0,0,0,1,1,0,0,0,1,0
0,12,0,98,65,0,1,3,0,1,0,0,1,0,0,0,0,0
0,10,3,69,57,1,1,4,1,0,1,0,1,0,0,0,1,0
1,10,5,81,96,0,1,3,0,0,1,0,0,0,1,0,0,0
0,10,2,66,88,0,0,6,0,1,0,0,1,0,0,0,0,1
1,12,2,91,75,1,0,3,0,1,0,0,0,0,1,0,0,0
0,10,0,86,100,1,1,3,0,0,0,0,0,0,0,1,0,0
1,11,3,84,91,1,1,1,0,0,0,1,0,0,0,0,1,0
1,9,3,87,58,0,0,3,0,0,1,0,0,1,0,0,1,0
1,9,3,95,62,0,0,5,0,0,0,1,1,0,0,0,0,0
1,11,5,84,61,1,1,2,0,1,0,0,0,0,0,0,1,0
1,10,4,82,86,0,1,2,0,0,0,0,1,0,0,0,1,0
1,9,2,84,82,1,1,5,0,0,0,0,1,0,0,1,0,0
1,12,3,65,58,0,0,1,0,0,1,0,0,0,0,0,1,0
0,10,4,83,67,1,1,5,0,1,0,0,1,0,0,0,1,0
1,10,0,74,44,1,1,3,0,0,0,1,0,0,1,0,0,1
0,9,2,79,60,0,1,3,0,1,0,0,1,0,0,0,1,0
1,12,2,88,100,1,1,2,1,0,0,0,1,0,0,0,1,0
1,12,0,96,89,1,1,4,0,0,0,0,0,1,0,1,0,0
1,12,1,87,68,1,1,7,1,0,0,1,0,0,0,0,0,0
0,10,3,100,84,1,1,5,1,0,1,0,0,1,0,0,0,0
0,11,3,80,52,1,1,2,0,1,0,0,1,0,0,0,1,0
1,12,2,97,52,0,1,5,0,0,0,0,0,0,0,0,0,0
0,10,1,86,60,1,1,3,0,0,1,0,1,0,0,0,0,0
0,9,1,80,54,1,1,6,0,0,0,1,0,1,0,1,0,0
0,9,1,92,55,0,1,5,0,0,0,0,1,0,0,0,1,0
1,9,0,78,85,1,1,1,1,0,1,0,1,0,0,1,0,0
1,11,2,80,75,1,1,2,0,0,0,1,0,0,0,1,0,0
0,12,0,89,80,0,1,5,0,0,1,0,1,0,0,0,0,0
1,9,2,95,58,0,1,4,0,0,0,0,1,0,0,0,1,0
1,11,4,86,69,0,1,2,0,1,0,0,0,0,0,0,0,1
0,10,2,83,93,0,1,3,0,0,1,0,1,0,0,1,0,0
0,11,1,77,90,1,1,1,0,0,0,1,1,0,0,0,1,0
0,11,2,94,100,0,1,3,0,1,0,0,1,0,0,0,0,0
0,12,2,91,57,1,1,7,0,0,0,0,0,0,1,0,0,0
0,11,4,86,82,0,1,5,0,0,0,0,1,0,0,0,1,0
1,10,2,68,82,1,1,7,0,0,0,1,1,0,0,0,0,0
1,12,0,81,89,0,1,5,0,0,0,1,0,0,0,0,0,0
1,9,3,100,90,0,1,5,0,1,0,0,0,0,0,0,1,0
1,12,2,85,74,0,1,6,0,1,0,0,0,0,0,1,0,0
1,11,0,75,66,1,1,4,0,0,0,0,1,0,0,0,0,0
1,12,0,85,71,1,1,3,0,0,0,0,1,0,0,0,1,0
1,11,0,89,85,0,1,5,0,1,0,0,0,1,0,1,0,0
1,11,3,81,83,0,1,6,0,0,0,0,1,0,0,0,0,1
0,12,4,88,62,1,1,3,0,0,0,0,1,0,0,1,0,0
0,12,3,96,66,0,1,2,0,0,0,0,0,0,0,0,0,0
0,10,6,79,75,0,1,4,1,0,1,0,0,0,0,0,1,0
0,11,1,87,48,1,1,5,0,0,1,0,0,1,0,0,1,0
0,11,2,74,77,0,1,5,0,0,0,0,0,0,0,0,1,0
1,11,4,91,39,1,1,1,0,1,0,0,0,0,0,1,0,0
1,10,6,87,63,1,1,6,1,1,0,0,0,1,0,0,0,0
0,10,3,86,64,1,1,3,0,0,0,0,1,0,0,0,0,0
1,9,3,78,68,1,1,3,0,0,1,0,0,0,1,0,1,0
1,11,1,70,77,0,1,2,0,0,0,0,0,0,1,1,0,0
0,9,3,90,87,1,1,8,0,0,0,1,1,0,0,0,0,0
0,10,3,79,87,0,1,4,0,0,0,1,0,0,1,1,0,0
1,9,0,75,60,0,1,2,0,0,0,1,1,0,0,0,0,0
0,11,4,94,82,0,1,5,0,0,0,0,0,0,0,0,0,0
1,12,4,76,80,1,1,5,0,0,0,0,0,0,0,0,1,0
0,9,2,93,73,0,1,3,1,1,0,0,1,0,0,0,0,1
0,9,2,90,88,1,1,5,0,0,0,0,0,0,1,0,1,0
0,11,2,84,59,1,1,2,0,1,0,0,0,1,0,0,0,1
1,10,0,87,84,1,1,3,0,0,1,0,1,0,0,0,0,0
1,9,3,65,69,1,0,1,0,1,0,0,0,0,1,0,1,0
1,12,0,98,58,0,1,2,0,1,0,0,1,0,0,0,1,0
1,11,4,94,61,1,1,6,0,0,0,0,1,0,0,0,1,0
0,11,1,88,62,0,1,6,0,0,0,0,0,1,0,0,1,0
0,11,3,80,48,1,1,4,0,0,0,0,1,0,0,0,0,0
1,10,0,87,66,1,1,6,0,0,1,0,1,0,0,0,1,0
0,12,2,91,92,0,1,3,0,0,0,0,0,0,1,1,0,0
0,12,2,81,82,0,1,3,0,1,0,0,1,0,0,1,0,0
1,10,0,87,83,1,1,4,0,1,0,0,1,0,0,0,0,0
0,9,4,65,63,1,1,3,0,0,0,1,1,0,0,0,0,1
0,9,1,85,82,1,1,3,1,1,0,0,1,0,0,1,0,0
0,12,5,80,67,1,1,5,0,1,0,0,1,0,0,0,1,0
1,10,4,87,94,0,1,4,0,1,0,0,1,0,0,0,1,0
0,9,3,73,55,0,1,5,0,0,1,0,1,0,0,0,1,0
0,12,0,91,92,1,1,5,1,0,0,0,1,0,0,0,0,0
1,9,5,93,92,0,1,4,0,1,0,0,1,0,0,0,1,0
0,9,2,73,87,1,1,2,1,0,1,0,0,0,1,1,0,0
0,10,3,86,80,1,1,1,0,0,0,0,1,0,0,0,1,0
1,9,3,97,94,1,1,4,0,1,0,0,0,0,0,0,0,0
1,11,3,93,82,0,1,3,0,0,0,0,1,0,0,0,0,0
0,12,2,92,54,1,1,4,1,0,0,1,0,0,1,0,0,0
0,9,4,73,79,1,1,3,0,0,1,0,0,0,0,0,1,0
1,10,1,90,74,1,1,7,1,0,0,0,0,0,1,0,0,0
1,11,0,89,66,1,1,2,0,1,0,0,0,0,0,0,0,1
0,11,4,85,80,0,1,1,0,1,0,0,0,0,0,1,0,0
1,10,1,79,68,1,1,4,0,0,1,0,0,0,0,0,0,0
1,10,4,100,62,1,0,3,0,0,0,0,0,0,1,0,0,1
0,11,4,63,57,0,1,4,0,0,1,0,1,0,0,0,0,0
